site number,number of particle track lengths,minimum particle track length (m),mean particle track length (m),first quartile,median particle track length (m),third quartile,IQR,maximum particle track length (m)
320233091395501,,,,,,,,
320237091493801,,,,,,,,
320958091425501,,,,,,,,
322306090523201,,,,,,,,
324044090323402,,,,,,,,
324615090375001,,,,,,,,
324627091505203,,,,,,,,
325947091175601,,,,,,,,
330849091035901,,,,,,,,
331654090501402,,,,,,,,
331721090285901,,,,,,,,
331818091233401,,,,,,,,
332424090120901,,,,,,,,
332424090120902,,,,,,,,
332514090500902,,,,,,,,
333224090114002,,,,,,,,
333315090105301,,,,,,,,
333315090105302,,,,,,,,
333547090180301,,,,,,,,
333547090180501,,,,,,,,
333548090180601,,,,,,,,
333611090161501,,,,,,,,
333805090240501,,,,,,,,
333824090320702,,,,,,,,
333900090123702,,,,,,,,
333900090123703,,,,,,,,
334144091284201,,,,,,,,
334554090355302,,,,,,,,
334554090355303,,,,,,,,
334916091182501,,,,,,,,
335308090362101,,,,,,,,
340740091211501,,,,,,,,
340905091495201,,,,,,,,
342207090373201,,,,,,,,
343015091325401,,,,,,,,
343430091544701,,,,,,,,
343609091474601,,,,,,,,
343826091361302,,,,,,,,
343841092033701,,,,,,,,
344543091510601,,,,,,,,
344649091330001,,,,,,,,
344651091355101,,,,,,,,
344651091355102,,,,,,,,
344653091382701,,,,,,,,
344659091293701,,,,,,,,
345616091150201,,,,,,,,
345618091150902,,,,,,,,
350214090480102,,,,,,,,
350405091524202,,,,,,,,
351229090470601,,,,,,,,
351230090474501,,,,,,,,
351305091143401,,,,,,,,
351305091143402,,,,,,,,
351616091314502,,,,,,,,
351630090193301,,,,,,,,
352505090565301,,,,,,,,
353224090264601,,,,,,,,
353243091022101,,,,,,,,
353617091162803,,,,,,,,
353816090511301,,,,,,,,
355714090590001,,,,,,,,
360404089232201,,,,,,,,
360829090075601,,,,,,,,
361255090572101,,,,,,,,
361355089460901,,,,,,,,
362139090452801,,,,,,,,
363426090215801,,,,,,,,
363533089365801,,,,,,,,
364520089383301,,,,,,,,
365308089100101,,,,,,,,
365955089421301,,,,,,,,
