index32251723,indexpt,namept,siteno_x,index,site,mulpmad,vlpmad,cvlpmad,sitenoint,siteno_y,sitenostr,indexwS,namewS,siteno,numagesptbs,xbPTbs,numparts4res,VARPTbs,avgVARres,varVARres,varreseff,MER,cver,acvr,cvcvr,ASLD,tsptsld,cvptad,siteag,AQFR_CD,NAT_AQFR_C,Layer,WELL_DEPTH,OTOP_dep,OBTM_dep,TOP,BOT,ALT_VA,DEC_LAT_VA,DEC_LONG_V,Source,geometry,index32251724
0,0,ptad_320233091395501.csv,320233091395501,25,C:\github\map_gwage\MERASwd\Scripts\pdfs\PDF320233091395501.csv,76.00028776,147.7267904,0.159924276,320233091395501.csv,3.20233E+14,3.20233E+14,0,well_summ_parts_320233091395501_21451903.csv,3.20233E+14,100,884.1439162,100,1.44016E+11,43.78323327,2660.176446,98.69455221,35.80325526,0.277475138,0.171321605,0.083743447,2.477550023,135708483.2,429.2220849,USGS_320233091395501,112MRVA,N100MSRVVL,MRVA,80,-9999,-9999,40,80,74,32.042417,-91.665133,MAP 2022,POINT (-91.665133 32.042417),0
1,1,ptad_320237091493801.csv,320237091493801,24,C:\github\map_gwage\MERASwd\Scripts\pdfs\PDF320237091493801.csv,100.0012632,1491.577202,0.386204547,320237091493801.csv,3.20237E+14,3.20237E+14,1,well_summ_parts_320237091493801_21451903.csv,3.20237E+14,100,1409.903078,100,1.66101E+11,586.5604196,636448.7273,875.8571307,53.32519754,0.554988727,0.478947293,0.007030558,9.089967178,1712458223,289.0657855,USGS_320237091493801,112MRVA,N100MSRVVL,MRVA,100,58,98,58,98,66,32.043667,-91.827306,MAP 2022,POINT (-91.827306 32.043667),1
2,2,ptad_320958091425501.csv,320958091425501,15,C:\github\map_gwage\MERASwd\Scripts\pdfs\PDF320958091425501.csv,140.0649907,13437.28771,0.827610918,320958091425501.csv,3.20958E+14,3.20958E+14,2,well_summ_parts_320958091425501_21451903.csv,3.20958E+14,100,3959.787866,100,9.94628E+12,389.5774902,39203.93061,158.2796222,34.48191064,0.364855738,0.590702146,0.009761786,16.50727057,1742600461,796.4499739,USGS_320958091425501,112MRVA,N100MSRVVL,MRVA,77,72,77,72,77,65,32.166306,-91.714972,MAP 2022,POINT (-91.714972 32.166306),2
3,3,ptad_322306090523201.csv,322306090523201,58,C:\github\map_gwage\MERASwd\Scripts\pdfs\PDF322306090523201.csv,29.99642507,234.0977163,0.510069188,322306090523201.csv,3.22306E+14,3.22306E+14,3,well_summ_parts_322306090523201_21451903.csv,3.22306E+14,100,11166.48781,100,3.62021E+14,20.13657989,765.4483681,34.39810939,11.30368192,0.518856615,0.42831339,0.03133566,25.6397216,10481030867,1703.923311,USGS_322306090523201,112MRVA,N100MSRVVL,MRVA,181,141,181,141,181,110,32.385483,-90.8758,MAP 2022,POINT (-90.8758 32.385483),3
4,5,ptad_324044090323402.csv,324044090323402,48,C:\github\map_gwage\MERASwd\Scripts\pdfs\PDF324044090323402_1.csv,94.99370982,1489.502083,0.406280248,324044090323402_1.csv,3.24044E+14,3.24044E+14,5,well_summ_parts_324044090323402_21451903.csv,3.24044E+14,100,1083.767972,100,47222204014,155.426688,210058.1398,202.2870206,20.52737912,0.692868002,0.264008758,0.000199834,1.592356582,44494872.8,200.5103588,USGS_324044090323402,112MRVA,N100MSRVVL,MRVA,47,37,47,37,47,100,32.678869,-90.542911,MAP 2022,POINT (-90.542911 32.678869),4
5,5,ptad_324044090323402.csv,324044090323402,4,C:\github\map_gwage\MERASwd\Scripts\pdfs\PDF324044090323402_2.csv,98.98997956,6264.373335,0.799553597,324044090323402_2.csv,3.24044E+14,3.24044E+14,5,well_summ_parts_324044090323402_21451903.csv,3.24044E+14,100,1083.767972,100,47222204014,155.426688,210058.1398,202.2870206,20.52737912,0.692868002,0.264008758,0.000199834,1.592356582,44494872.8,200.5103588,USGS_324044090323402,112MRVA,N100MSRVVL,MRVA,47,37,47,37,47,100,32.678869,-90.542911,MAP 2022,POINT (-90.542911 32.678869),5
6,6,ptad_324615090375001.csv,324615090375001,35,C:\github\map_gwage\MERASwd\Scripts\pdfs\PDF324615090375001_1.csv,32.99840393,1087.464989,0.999343305,324615090375001_1.csv,3.24615E+14,3.24615E+14,6,well_summ_parts_324615090375001_21451903.csv,3.24615E+14,100,12369.55149,100,1.75873E+13,615.0021651,3493544.51,426.307157,26.39942608,0.782108177,0.740813917,0.123854355,25.47401596,9804532420,339.0359082,USGS_324615090375001,112MRVA,N100MSRVVL,MRVA,74,71,74,71,74,98.38,32.770966,-90.630651,MAP 2022,POINT (-90.630651 32.770966),6
7,6,ptad_324615090375001.csv,324615090375001,2,C:\github\map_gwage\MERASwd\Scripts\pdfs\PDF324615090375001_2.csv,62.00355661,1.506372151,0.019794728,324615090375001_2.csv,3.24615E+14,3.24615E+14,6,well_summ_parts_324615090375001_21451903.csv,3.24615E+14,100,12369.55149,100,1.75873E+13,615.0021651,3493544.51,426.307157,26.39942608,0.782108177,0.740813917,0.123854355,25.47401596,9804532420,339.0359082,USGS_324615090375001,112MRVA,N100MSRVVL,MRVA,74,71,74,71,74,98.38,32.770966,-90.630651,MAP 2022,POINT (-90.630651 32.770966),7
8,7,ptad_324627091505203.csv,324627091505203,30,C:\github\map_gwage\MERASwd\Scripts\pdfs\PDF324627091505203.csv,11.99996305,0.659227001,0.067660871,324627091505203.csv,3.24627E+14,3.24627E+14,7,well_summ_parts_324627091505203_21451903.csv,3.24627E+14,100,463.9600966,100,21994206833,42.51938451,1385.041783,126.5367611,40.48345396,0.27786305,0.156965936,0.026230623,1.633125833,47570871.33,319.6491267,USGS_324627091505203,112UPTC,N9999OTHER,TRRC,112,84,112,84,112,130,32.774301,-91.847905,MAP 2022,POINT (-91.847905 32.774301),8
9,9,ptad_325947091175601.csv,325947091175601,7,C:\github\map_gwage\MERASwd\Scripts\pdfs\PDF325947091175601.csv,2637.684799,2842085.664,0.63913954,325947091175601.csv,3.25947E+14,3.25947E+14,9,well_summ_parts_325947091175601_21451903.csv,3.25947E+14,100,667.6453685,100,46133020569,33.36780857,3896.854086,107.7091207,31.22930732,0.33232567,0.153493858,0.022850325,8.590684882,1144268994,321.7066993,USGS_325947091175601,112MRVA,N100MSRVVL,MRVA,115,95,115,95,115,117,32.996513,-91.299002,MAP 2022,POINT (-91.299002 32.996513),9
10,10,ptad_330849091035901.csv,330849091035901,8,C:\github\map_gwage\MERASwd\Scripts\pdfs\PDF330849091035901.csv,12.15713774,410.6239957,1.666828145,330849091035901.csv,3.30849E+14,3.30849E+14,10,well_summ_parts_330849091035901_21451903.csv,3.30849E+14,100,112782.6463,100,4.76059E+15,1285.338906,6566749.972,855.6279607,43.43414322,0.673459099,0.358525224,0.031537338,44.93725194,72075532287,611.769645,USGS_330849091035901,112MRVA,N100MSRVVL,MRVA,90,85,90,85,90,111.12,33.147066,-91.066495,MAP 2022,POINT (-91.066495 33.147066),10
11,11,ptad_331654090501402.csv,331654090501402,17,C:\github\map_gwage\MERASwd\Scripts\pdfs\PDF331654090501402.csv,28.00880057,5.727085855,0.085442183,331654090501402.csv,3.31654E+14,3.31654E+14,11,well_summ_parts_331654090501402_21451903.csv,3.31654E+14,100,65202.04332,100,7.41376E+15,542.779383,1347712.028,365.319416,62.78696623,0.304415582,0.283918245,0.021237036,34.14712421,46428062989,1320.560103,USGS_331654090501402,112MRVA,N100MSRVVL,MRVA,47,37,47,37,47,110,33.281611,-90.8372,MAP 2022,POINT (-90.8372 33.281611),11
12,12,ptad_331721090285901.csv,331721090285901,36,C:\github\map_gwage\MERASwd\Scripts\pdfs\PDF331721090285901_1.csv,37.9979711,288.606922,0.447087948,331721090285901_1.csv,3.31721E+14,3.31721E+14,12,well_summ_parts_331721090285901_21451903.csv,3.31721E+14,100,824.4253102,100,11590574845,1572.747026,29606830.36,1132.88337,64.3354691,0.523169153,0.378738768,0.084050138,5.182177451,77260211,130.5873688,USGS_331721090285901,112MRVA,-9999,MRVA,30,-9999,-9999,20,30,95,33.28925,-90.482972,MAP 2022,POINT (-90.482972 33.28925),12
76,12,ptad_331721090285901.csv,331721090285901,81,C:\github\map_gwage\MERASwd\Scripts\redoPDFs12174pguL\pdfs\PDF_331721090285901_57.csv,56.99695603,649.2613958,0.447052088,331721090285901_57.csv,3.31721E+14,3.31721E+14,12,well_summ_parts_331721090285901_21451903.csv,3.31721E+14,100,824.4253102,100,11590574845,1572.747026,29606830.36,1132.88337,64.3354691,0.523169153,0.378738768,0.084050138,5.182177451,77260211,130.5873688,USGS_331721090285901,112MRVA,-9999,MRVA,30,-9999,-9999,20,30,95,33.28925,-90.482972,MAP 2022,POINT (-90.482972 33.28925),76
13,13,ptad_331818091233401.csv,331818091233401,6,C:\github\map_gwage\MERASwd\Scripts\pdfs\PDF331818091233401.csv,386.975311,71416.29468,0.69058223,331818091233401.csv,3.31818E+14,3.31818E+14,13,well_summ_parts_331818091233401_21451903.csv,3.31818E+14,100,431.8851799,100,29064460287,23.43633765,252.6254455,32.85212055,19.75512027,0.290136272,0.249299752,0.002000443,2.738249369,141316046.2,394.7415388,AR008_331818091233401,110ALVM,N100MSRVVL,MRVA,97.6,79.3,97.2,79.3,97.2,118,33.305,-91.392778,MAP 2022,POINT (-91.392778 33.305),13
14,14,ptad_332424090120901.csv,332424090120901,49,C:\github\map_gwage\MERASwd\Scripts\pdfs\PDF332424090120901.csv,319.9718861,41716.5547,0.638325796,332424090120901.csv,3.32424E+14,3.32424E+14,14,well_summ_parts_332424090120901_21451903.csv,3.32424E+14,100,41547.65116,100,5.10845E+13,25.71966461,111.975717,4.361165383,20.57905623,0.101478917,0.243894416,0.008932747,57.43594918,54961717.99,172.0275543,USGS_332424090120901,124SPRT,S100MSEMBM,MCAQ,170,-9999,-9999,140,170,124,33.406667,-90.2025,MAP 2022,POINT (-90.2025 33.406667),14
15,15,ptad_332424090120902.csv,332424090120902,11,C:\github\map_gwage\MERASwd\Scripts\pdfs\PDF332424090120902.csv,602.5684567,41279.22719,0.337178121,332424090120902.csv,3.32424E+14,3.32424E+14,15,well_summ_parts_332424090120902_21451903.csv,3.32424E+14,200,11679.33753,200,7.085E+12,724.7264416,872910.7136,461.8289352,34.73708816,0.618653051,0.724812131,0.016704262,41.8488277,5034656855,227.9038507,USGS_332424090120902,112MRVA,N100MSRVVL,MRVA,80,-9999,-9999,40,80,124,33.406944,-90.2025,MAP 2022,POINT (-90.2025 33.406944),15
16,16,ptad_332514090500902.csv,332514090500902,62,C:\github\map_gwage\MERASwd\Scripts\pdfs\PDF332514090500902pguL.csv,34.99519674,38.47053647,0.177237527,332514090500902pguL.csv,3.32514E+14,3.32514E+14,16,well_summ_parts_332514090500902_21451903.csv,3.32514E+14,100,82412.13019,100,7.44091E+15,768.0015509,4380553.145,330.6436525,57.45204565,0.316500644,0.208259127,0.042832189,29.62638901,45967672025,1046.699296,USGS_332514090500902,112MRVA,N100MSRVVL,MRVA,45,35,45,35,45,117,33.420611,-90.835739,MAP 2022,POINT (-90.835739 33.420611),16
17,17,ptad_333224090114002.csv,333224090114002,20,C:\github\map_gwage\MERASwd\Scripts\pdfs\PDF333224090114002.csv,35.00232834,13.41768381,0.104650629,333224090114002.csv,3.33224E+14,3.33224E+14,17,well_summ_parts_333224090114002_21451903.csv,3.33224E+14,100,22847.58122,100,5.23279E+13,1098.660144,4824464.467,970.5813541,44.25740693,0.703930864,0.623300979,0.007227989,39.53817914,20917146268,316.6111983,USGS_333224090114002,112MRVA,-9999,MRVA,78,31,41,31,41,120,33.539881,-90.19455,MAP 2022,POINT (-90.19455 33.539881),17
18,18,ptad_333315090105301.csv,333315090105301,45,C:\github\map_gwage\MERASwd\Scripts\pdfs\PDF333315090105301.csv,3199.828172,2046030.325,0.447022492,333315090105301.csv,3.33315E+14,3.33315E+14,18,well_summ_parts_333315090105301_21451903.csv,3.33315E+14,100,44320.17818,100,1.24137E+13,172.2980536,10105.68483,19.2570253,23.34939824,0.187939864,0.584818097,0.04065298,61.14059822,142749667.5,79.49683965,USGS_333315090105301,112MRVA,N100MSRVVL,MRVA,80,70,80,70,80,125,33.55415,-90.181281,MAP 2022,POINT (-90.181281 33.55415),18
19,19,ptad_333315090105302.csv,333315090105302,3,C:\github\map_gwage\MERASwd\Scripts\pdfs\PDF333315090105302.csv,3610.377295,8558532.491,0.810302283,333315090105302.csv,3.33315E+14,3.33315E+14,19,well_summ_parts_333315090105302_21451903.csv,3.33315E+14,200,14421.40064,200,5.70353E+13,156900.2967,4.47543E+12,103766.9673,92.07853018,3.498413853,0.555994455,0.032998003,22.65777301,20883993827,523.6781854,USGS_333315090105302,112MRVA,N100MSRVVL,MRVA,40.5,30.5,40.5,30.5,40.5,125,33.554169,-90.181281,MAP 2022,POINT (-90.181281 33.554169),19
20,20,ptad_333547090180301.csv,333547090180301,27,C:\github\map_gwage\MERASwd\Scripts\pdfs\PDF333547090180301.csv,3199.999902,112705.4929,0.104911374,333547090180301.csv,3.33547E+14,3.33547E+14,20,well_summ_parts_333547090180301_21451903.csv,3.33547E+14,100,2086.746626,100,3386544107,264.0568871,57645.12963,37.04513461,55.65181652,0.109366986,0.265096993,0.014300279,9.35783435,13187818.49,27.88743995,USGS_333547090180301,112MRVA,N100MSRVVL,MRVA,73,63,73,63,73,133,33.596481,-90.30095,MAP 2022,POINT (-90.30095 33.596481),20
21,21,ptad_333547090180501.csv,333547090180501,39,C:\github\map_gwage\MERASwd\Scripts\pdfs\PDF333547090180501.csv,3419.816402,2337030.887,0.447022554,333547090180501.csv,3.33547E+14,3.33547E+14,21,well_summ_parts_333547090180501_21451903.csv,3.33547E+14,100,83749.8909,100,1.38659E+13,91.43150942,1135.46028,3.588826876,23.40697886,0.080933979,0.402232547,0.014092456,79.92292731,34541795.55,44.4621452,USGS_333547090180501,124SPRT,S100MSEMBM,MCAQ,-9999,-9999,-9999,190,200,132,33.596444,-90.3015,MAP 2022,POINT (-90.3015 33.596444),21
22,22,ptad_333548090180601.csv,333548090180601,61,C:\github\map_gwage\MERASwd\Scripts\pdfs\PDF333548090180601.csv,449.9439086,202229.5776,0.999456647,333548090180601.csv,3.33548E+14,3.33548E+14,22,well_summ_parts_333548090180601_21451903.csv,3.33548E+14,100,66924.25598,100,1.43024E+15,473.1815515,848766.7308,302.7436513,44.43982387,0.391530134,0.356322591,0.057321037,38.66499125,30800453137,565.0943728,USGS_333548090180601,112MRVA,N100MSRVVL,MRVA,-9999,-9999,-9999,90,100,133,33.596639,-90.301472,MAP 2022,POINT (-90.301472 33.596639),22
23,23,ptad_333611090161501.csv,333611090161501,18,C:\github\map_gwage\MERASwd\Scripts\pdfs\PDF333611090161501.csv,43.00722779,17.03263313,0.095962034,333611090161501.csv,3.33611E+14,3.33611E+14,23,well_summ_parts_333611090161501_21451903.csv,3.33611E+14,100,30299.08826,100,6.23291E+14,521.715091,417365.3196,243.3312303,52.13159094,0.299225049,0.423652673,0.008368108,25.01887011,18803925299,823.9784072,USGS_333611090161501,112MRVA,N100MSRVVL,MRVA,72.5,62.5,72.5,62.5,72.5,133,33.60295,-90.270769,MAP 2022,POINT (-90.270769 33.60295),23
24,24,ptad_333805090240501.csv,333805090240501,54,C:\github\map_gwage\MERASwd\Scripts\pdfs\PDF333805090240501.csv,329.9653787,75023.18232,0.830097998,333805090240501.csv,3.33805E+14,3.33805E+14,24,well_summ_parts_333805090240501_21451903.csv,3.33805E+14,100,201.3755167,100,1111209045,111.1578766,1998.474678,20.47466647,24.58685399,0.184037132,0.441321089,0.04977273,0.966706024,3555418.653,165.5355272,USGS_333805090240501,112MRVA,N100MSRVVL,MRVA,79.5,69.5,79.5,69.5,79.5,121,33.634769,-90.401339,MAP 2022,POINT (-90.401339 33.634769),24
25,25,ptad_333824090320702.csv,333824090320702,67,C:\github\map_gwage\MERASwd\Scripts\pdfs\PDF333824090320702.csv,13.98294428,6.33042704,0.179935923,333824090320702.csv,3.33824E+14,3.33824E+14,25,well_summ_parts_333824090320702_21451903.csv,3.33824E+14,100,571.5780415,100,12135379165,149.4710023,145821.423,121.015632,37.82913011,0.290799986,0.205083637,0.017148401,5.559103289,213634317.4,192.7308066,USGS_333824090320702,112MRVA,N100MSRVVL,MRVA,59.5,49.5,59.5,49.5,59.5,127,33.639981,-90.535381,MAP 2022,POINT (-90.535381 33.639981),25
26,26,ptad_333900090123702.csv,333900090123702,37,C:\github\map_gwage\MERASwd\Scripts\pdfs\PDF333900090123702.csv,7099.619084,10072305.06,0.447022504,333900090123702.csv,3.339E+14,3.339E+14,26,well_summ_parts_333900090123702_21451903.csv,3.339E+14,300,69823.37042,300,8.40451E+12,60.87250339,356.2212203,1.369632485,16.99890517,0.068846374,0.452863372,0.002180957,67.95560088,4306665.135,41.51980254,USGS_333900090123702,112MRVA,N100MSRVVL,MRVA,220,-9999,-9999,180,220,136,33.65,-90.210278,MAP 2022,POINT (-90.210278 33.65),26
27,27,ptad_333900090123703.csv,333900090123703,72,C:\github\map_gwage\MERASwd\Scripts\pdfs\PDF333900090123703.csv,156.9899798,9520.176898,0.621513513,333900090123703.csv,3.339E+14,3.339E+14,27,well_summ_parts_333900090123703_21451903.csv,3.339E+14,200,44297.03639,200,1.25843E+14,566.3043907,2769141.884,594.4306554,36.06237152,0.67607724,0.638547094,0.019568778,49.6756837,20710630891,253.2441361,USGS_333900090123703,112MRVA,N100MSRVVL,MRVA,90,-9999,-9999,50,90,136,33.65,-90.210278,MAP 2022,POINT (-90.210278 33.65),27
28,28,ptad_334144091284201.csv,334144091284201,63,C:\github\map_gwage\MERASwd\Scripts\pdfs\PDF334144091284201.csv,289.9576354,66449.64631,0.889020524,334144091284201.csv,3.34144E+14,3.34144E+14,28,well_summ_parts_334144091284201_21451903.csv,3.34144E+14,100,3251.512184,100,2.91257E+13,114.5478939,9608.179421,355.389221,37.75199186,0.49935828,0.342848846,0.043259976,4.874941202,1839011937,1659.789548,AR008_334144091284201,110ALVM,N100MSRVVL,MRVA,93.7,74,93,74,93,152,33.695556,-91.478333,MAP 2022,POINT (-91.478333 33.695556),28
29,29,ptad_334554090355302.csv,334554090355302,22,C:\github\map_gwage\MERASwd\Scripts\pdfs\PDF334554090355302.csv,26.00104603,222.5323815,0.573727659,334554090355302.csv,3.34554E+14,3.34554E+14,29,well_summ_parts_334554090355302_21451903.csv,3.34554E+14,200,48772.58025,200,1.28087E+15,1029.431443,4673620.818,637.9964311,65.472083,0.385791777,0.33976979,0.012284218,41.49031247,28054959377,733.7989631,USGS_334554090355302,112MRVA,N100MSRVVL,MRVA,90,-9999,-9999,50,90,139,33.764889,-90.597972,MAP 2022,POINT (-90.597972 33.764889),29
30,30,ptad_334554090355303.csv,334554090355303,55,C:\github\map_gwage\MERASwd\Scripts\pdfs\PDF334554090355303.csv,229.9739177,42494.01027,0.896365795,334554090355303.csv,3.34554E+14,3.34554E+14,30,well_summ_parts_334554090355303_21451903.csv,3.34554E+14,100,641505.3326,100,7.17963E+15,2154.851697,166360.6881,16.49840032,72.40903501,0.056095518,0.639754829,0.010627951,117.5953383,444889707.6,132.084143,USGS_334554090355303,124SPRT,S100MSEMBM,MCAQ,200,-9999,-9999,170,200,139,33.764889,-90.597972,MAP 2022,POINT (-90.597972 33.764889),30
80,31,ptad_334916091182501.csv,334916091182501,75,C:\github\map_gwage\MERASwd\Scripts\redoPDFs12174pguL\realdiscrep\PDF_334916091182501.csv,726.4066425,235128.7438,0.667533484,334916091182501.csv,3.34916E+14,3.34916E+14,31,well_summ_parts_334916091182501_21451903.csv,3.34916E+14,100,626.0939965,100,1.05015E+11,52.18911666,1356.555703,15.4360982,15.31318106,0.256568508,0.441451419,0.009467419,4.398132369,858374442.5,517.5897772,AR008_334916091182501,110ALVM,N100MSRVVL,MRVA,93.8,75.5,93.4,75.5,93.4,147,33.821111,-91.306944,MAP 2022,POINT (-91.306944 33.821111),80
31,32,ptad_335308090362101.csv,335308090362101,13,C:\github\map_gwage\MERASwd\Scripts\pdfs\PDF335308090362101.csv,490.4653278,69376.17551,0.537027921,335308090362101.csv,3.35308E+14,3.35308E+14,32,well_summ_parts_335308090362101_21451903.csv,3.35308E+14,100,205192.6032,100,8.77886E+15,927.5325472,130064.9079,126.6970872,66.57791449,0.169064774,0.449514594,0.004820628,103.4594027,84746088.58,456.6226635,USGS_335308090362101,124SPRT,S100MSEMBM,MCAQ,236,-9999,-9999,206,236,143,33.885556,-90.605833,MAP 2022,POINT (-90.605833 33.885556),31
78,33,ptad_335308090362102.csv,335308090362102,79,C:\github\map_gwage\MERASwd\Scripts\redoPDFs12174pguL\pdfs\PDF_335308090362102.csv,1534.304925,2210178.779,0.968951464,335308090362102.csv,3.35308E+14,3.35308E+14,-9999,-9999,3.35308E+14,200,14159.08357,-9999,5.25269E+14,-9999,-9999,-9999,-9999,-9999,-9999,-9999,7.468463724,13147125135,1618.660776,USGS_335308090362102,112MRVA,N100MSRVVL,MRVA,100,-9999,-9999,60,100,143,33.885556,-90.605833,MAP 2022,POINT (-90.605833 33.885556),78
32,34,ptad_340740091211501.csv,340740091211501,70,C:\github\map_gwage\MERASwd\Scripts\pdfs\PDF340740091211501.csv,665.5995808,154387.9087,0.590328298,340740091211501.csv,3.4074E+14,3.4074E+14,33,well_summ_parts_340740091211501_2165.csv,3.4074E+14,100,2360.910868,100,2.80431E+13,37.91032894,729.1616388,21.4822458,21.96781308,0.210985698,0.259074425,0.007430737,11.74946814,1047665797,2243.021632,AR008_340740091211501,110ALVM,N100MSRVVL,MRVA,135.5,115,135,115,135,178,34.127778,-91.354167,MAP 2022,POINT (-91.354167 34.127778),32
33,35,ptad_340905091495201.csv,340905091495201,69,C:\github\map_gwage\MERASwd\Scripts\pdfs\PDF340905091495201.csv,377.8754248,289460.8671,1.423791123,340905091495201.csv,3.40905E+14,3.40905E+14,34,well_summ_parts_340905091495201_2165.csv,3.40905E+14,100,614.1980926,100,71903914798,59.51356407,6655.128025,27.47394281,25.59683247,0.204773743,0.226476104,0.013054079,4.143119412,383556540.8,436.5839891,USGS_340905091495201,110ALVM,N100MSRVVL,MRVA,115,112,115,112,115,193.98,34.151361,-91.832139,MAP 2022,POINT (-91.832139 34.151361),33
34,36,ptad_342207090373201.csv,342207090373201,57,C:\github\map_gwage\MERASwd\Scripts\pdfs\PDF342207090373201.csv,27.99669269,477.3868472,0.780420186,342207090373201.csv,3.42207E+14,3.42207E+14,35,well_summ_parts_342207090373201_2165.csv,3.42207E+14,100,340.3268722,100,23089346.55,56.30362554,274.4721566,16.95744325,32.62629599,0.126215419,0.232843556,0.000135207,3.819775987,2384388.977,14.11918337,USGS_342207090373201,112MRVA,N100MSRVVL,MRVA,125,105,125,105,125,170,34.368611,-90.625556,MAP 2022,POINT (-90.625556 34.368611),34
35,39,ptad_343015091325401.csv,343015091325401,43,C:\github\map_gwage\MERASwd\Scripts\pdfs\PDF343015091325401.csv,17999.03352,64737671.82,0.447022469,343015091325401.csv,3.43015E+14,3.43015E+14,38,well_summ_parts_343015091325401_2165.csv,3.43015E+14,100,22413.46018,100,1.43989E+12,78.79966386,161.0410089,0.765792113,14.36335834,0.060925549,0.617581541,0.003826106,36.0113806,143433396.2,53.53718727,AR008_343015091325401,124SPRT,S100MSEMBM,MCAQ,677,-9999,-9999,647,677,214,34.503944,-91.547833,MAP 2022,POINT (-91.547833 34.503944),35
36,40,ptad_343430091544701.csv,343430091544701,34,C:\github\map_gwage\MERASwd\Scripts\pdfs\PDF343430091544701.csv,25.99902956,74.39202598,0.331746275,343430091544701.csv,3.4343E+14,3.4343E+14,39,well_summ_parts_343430091544701_21451903.csv,3.4343E+14,100,1370.722082,100,1722519933,69.2096902,1665.086817,1.666636886,39.0392587,0.033068838,0.200440839,0.072199518,6.572791618,3351264.47,30.27838583,AR008_343430091544701,110ALVM,N100MSRVVL,MRVA,145.5,125,145,125,145,221,34.575,-91.913056,MAP 2022,POINT (-91.913056 34.575),36
37,41,ptad_343609091474601.csv,343609091474601,10,C:\github\map_gwage\MERASwd\Scripts\pdfs\PDF343609091474601.csv,1818.348625,1707025.058,0.718526509,343609091474601.csv,3.43609E+14,3.43609E+14,40,well_summ_parts_343609091474601_21451903.csv,3.43609E+14,100,1236.337883,100,13725427960,151.6433737,11174.06318,81.26645185,47.87138201,0.188312732,0.242756199,0.011934979,9.475308035,94939175.81,94.76015679,AR008_343609091474601,110ALVM,N100MSRVVL,MRVA,151.9,131.4,151.4,131.4,151.4,206,34.6025,-91.796111,MAP 2022,POINT (-91.796111 34.6025),37
38,42,ptad_343826091361302.csv,343826091361302,12,C:\github\map_gwage\MERASwd\Scripts\pdfs\PDF343826091361302.csv,411.3496993,310795.4278,1.355270941,343826091361302.csv,3.43826E+14,3.43826E+14,41,well_summ_parts_343826091361302_21451903.csv,3.43826E+14,100,1834.329062,100,39575962526,178.7905182,1031.797196,10.97221485,39.96940661,0.082874219,0.332733049,0.00050874,19.78999211,14649297.27,108.4522324,AR008_343826091361302,110ALVM,N100MSRVVL,MRVA,139.5,119,139,119,139,228,34.640556,-91.603611,MAP 2022,POINT (-91.603611 34.640556),38
39,43,ptad_343841092033701.csv,343841092033701,71,C:\github\map_gwage\MERASwd\Scripts\pdfs\PDF343841092033701.csv,56.51879942,7923.606137,1.574956314,343841092033701.csv,3.43841E+14,3.43841E+14,42,well_summ_parts_343841092033701_21451903.csv,3.43841E+14,100,744.0200979,100,8448503867,44.87977704,1310.763607,20.3535017,51.75527382,0.087169581,0.112879692,0.028450226,5.432418813,28204872.93,123.5393285,AR008_343841092033701,110ALVM,N100MSRVVL,MRVA,105.5,85,105,85,105,236,34.644722,-92.060278,MAP 2022,POINT (-92.060278 34.644722),39
40,44,ptad_344543091510601.csv,344543091510601,56,C:\github\map_gwage\MERASwd\Scripts\pdfs\PDF344543091510601.csv,729.9147165,458811.3736,0.927993571,344543091510601.csv,3.44543E+14,3.44543E+14,43,well_summ_parts_344543091510601_21451903.csv,3.44543E+14,100,393.7414872,100,4100494341,2029.665086,955446.698,131.8123964,57.14126895,0.200922349,0.798747492,0.062982328,5.199838677,32724448.04,162.6323476,AR008_344543091510601,110ALVM,N100MSRVVL,MRVA,176.6,155.9,174.9,155.9,174.9,230,34.761944,-91.851667,MAP 2022,POINT (-91.851667 34.761944),40
41,45,ptad_344649091330001.csv,344649091330001,66,C:\github\map_gwage\MERASwd\Scripts\pdfs\PDF344649091330001.csv,5394.096668,20690766.73,0.843275664,344649091330001.csv,3.44649E+14,3.44649E+14,44,well_summ_parts_344649091330001_21451903.csv,3.44649E+14,100,4025.41828,100,6.71592E+12,359.2403717,14640.32943,20.59328091,34.17584901,0.132783301,0.540090161,0.006350694,27.07343114,153647064.6,643.7861722,AR008_344649091330001,110ALVM,N100MSRVVL,MRVA,160,140,160,140,160,227,34.780278,-91.55,MAP 2022,POINT (-91.55 34.780278),41
42,46,ptad_344651091355101.csv,344651091355101,16,C:\github\map_gwage\MERASwd\Scripts\pdfs\PDF344651091355101.csv,7402.854194,33969468.29,0.787308933,344651091355101.csv,3.44651E+14,3.44651E+14,45,well_summ_parts_344651091355101_21451903.csv,3.44651E+14,100,1781.532603,100,1.93213E+12,146.4555246,13963.26106,46.33009066,34.97916863,0.194590705,0.316162975,0.00116423,17.9623025,251581139.9,780.2329584,AR008_344651091355101,110ALVM,N100MSRVVL,MRVA,136,116,136,116,136,231,34.780833,-91.5975,MAP 2022,POINT (-91.5975 34.780833),42
43,47,ptad_344651091355102.csv,344651091355102,41,C:\github\map_gwage\MERASwd\Scripts\pdfs\PDF344651091355102.csv,8799.527575,15473104.93,0.447022496,344651091355102.csv,3.44651E+14,3.44651E+14,46,well_summ_parts_344651091355102_21451903.csv,3.44651E+14,100,6906.204445,100,6151826592,204.7586841,565.3276363,0.941981534,29.64080202,0.032743963,0.482892892,0.014238836,24.16695976,22099497.26,11.35697349,USGS_344651091355102,12405MP,S100MSEMBM,MCAQ,535.2,514,534,514,534,231,34.780833,-91.5975,MAP 2022,POINT (-91.5975 34.780833),43
44,48,ptad_344653091382701.csv,344653091382701,60,C:\github\map_gwage\MERASwd\Scripts\pdfs\PDF344653091382701.csv,349.956681,119217.0548,0.986631337,344653091382701.csv,3.44653E+14,3.44653E+14,47,well_summ_parts_344653091382701_21451903.csv,3.44653E+14,100,1471.801907,100,23170628569,432.2037256,29427.88146,21.048073,45.29648491,0.101284192,0.447980855,0.0060008,19.03773779,232181551.4,103.4235751,USGS_344653091382701,110ALVM,N100MSRVVL,MRVA,126,106,126,106,126,235,34.781333,-91.640944,MAP 2022,POINT (-91.640944 34.781333),44
45,49,ptad_344659091293701.csv,344659091293701,51,C:\github\map_gwage\MERASwd\Scripts\pdfs\PDF344659091293701.csv,92.99120968,5774.747674,0.817192946,344659091293701.csv,3.44659E+14,3.44659E+14,48,well_summ_parts_344659091293701_21451903.csv,3.44659E+14,100,1927.609595,100,4.72064E+12,223.7829279,31697.32828,19.47311141,24.60986371,0.179311633,0.609073137,0.000851541,13.95466777,3201883719,1127.148668,AR008_344659091293701,110ALVM,N100MSRVVL,MRVA,130,110,130,110,130,223,34.783403,-91.492625,MAP 2022,POINT (-91.492625 34.783403),45
46,52,ptad_345616091150201.csv,345616091150201,44,C:\github\map_gwage\MERASwd\Scripts\pdfs\PDF345616091150201.csv,9999.463044,19980763.55,0.447022477,345616091150201.csv,3.45616E+14,3.45616E+14,51,well_summ_parts_345616091150201_21451903.csv,3.45616E+14,200,52705.71589,200,8.24409E+11,414.438155,3331.512809,2.485679408,31.03268084,0.050804626,0.656378846,0.007864175,121.4571346,31566644.75,17.22715809,USGS_345616091150201,12405MP,S100MSEMBM,MCAQ,275,235,275,235,275,181,34.938,-91.251,MAP 2022,POINT (-91.251 34.938),46
47,53,ptad_345618091150902.csv,345618091150902,31,C:\github\map_gwage\MERASwd\Scripts\pdfs\PDF345618091150902.csv,20.99966719,15.07260224,0.184876499,345618091150902.csv,3.45618E+14,3.45618E+14,52,well_summ_parts_345618091150902_21451903.csv,3.45618E+14,100,2058.875739,100,1.01996E+13,1310.699724,2935790.765,1848.027134,107.3621961,0.400408036,0.311218057,0.013634457,9.566349062,7465979791,1551.179782,USGS_345618091150902,112ALVM,N100MSRVVL,MRVA,101,71,101,71,101,176,34.938,-91.2541,MAP 2022,POINT (-91.2541 34.938),47
48,54,ptad_350214090480102.csv,350214090480102,9,C:\github\map_gwage\MERASwd\Scripts\pdfs\PDF350214090480102.csv,6174.833021,43151388.63,1.063829845,350214090480102.csv,3.50214E+14,3.50214E+14,53,well_summ_parts_350214090480102_21451903.csv,3.50214E+14,100,1347.846408,100,1.56727E+11,193.162481,48385.50599,80.63338932,27.11689156,0.331144505,0.362309167,0.007375388,7.60758292,1113693462,293.7186478,USGS_350214090480102,110ALVM,N100MSRVVL,MRVA,147,107,147,107,147,250,35.037194,-90.80025,MAP 2022,POINT (-90.80025 35.037194),48
49,55,ptad_350405091524202.csv,350405091524202,29,C:\github\map_gwage\MERASwd\Scripts\pdfs\PDF350405091524202.csv,25.99995214,1.43527059,0.046078077,350405091524202.csv,3.50405E+14,3.50405E+14,54,well_summ_parts_350405091524202_21451903.csv,3.50405E+14,100,3653.177955,100,1.34084E+11,152.5697505,19349.69767,87.29772666,29.09118659,0.321173742,0.470231656,0.005840601,6.72839867,60427315.95,100.2345411,USGS_350405091524202,112TRRC,N100MSRVVL,MRVA,99,-9999,-9999,59,99,237,35.068142,-91.878474,MAP 2022,POINT (-91.878474 35.068142),49
50,56,ptad_350744090055601.csv,350744090055601,73,C:\github\map_gwage\MERASwd\Scripts\pdfs\PDF350744090055601.csv,3498.503176,28553347.83,1.527376996,350744090055601.csv,3.50744E+14,3.50744E+14,55,well_summ_parts_350744090055601_21451903.csv,3.50744E+14,200,6573.965509,200,8081856677,78557894.17,4.52249E+15,6328923.24,6326.721943,0.39763643,1.267987554,0,39.51214522,67475435.41,13.6750257,USGS_350744090055601,12405MP,S100MSEMBM,MCAQ,338,280,330,280,330,222,35.129122,-90.098092,MAP 2022,POINT (-90.098092 35.129122),50
51,57,ptad_351229090470601.csv,351229090470601,40,C:\github\map_gwage\MERASwd\Scripts\pdfs\PDF351229090470601.csv,9099.511471,16546070.86,0.44702248,351229090470601.csv,3.51229E+14,3.51229E+14,56,well_summ_parts_351229090470601_21451903.csv,3.51229E+14,100,39582.83283,100,9.56305E+11,316.259328,1941.778067,1.471741266,34.20817595,0.035463845,0.519685083,0.004208775,92.45915102,62056932.36,24.70536859,USGS_351229090470601,12405MP,S100MSEMBM,MCAQ,405,345,405,345,405,258,35.208106,-90.784978,MAP 2022,POINT (-90.784978 35.208106),51
52,58,ptad_351230090474501.csv,351230090474501,32,C:\github\map_gwage\MERASwd\Scripts\pdfs\PDF351230090474501.csv,73.99870843,98.61770737,0.134200246,351230090474501.csv,3.5123E+14,3.5123E+14,57,well_summ_parts_351230090474501_21451903.csv,3.5123E+14,200,28930.39503,200,1.00924E+14,392.3763031,115776.6259,32.25447371,26.96328834,0.21063092,0.696601204,0.00248344,46.49681109,49064809401,347.2496285,AR008_351230090474501,110ALVM,N100MSRVVL,MRVA,169.1,124,164,124,164,248,35.208583,-90.796389,MAP 2022,POINT (-90.796389 35.208583),52
53,59,ptad_351305091143401.csv,351305091143401,5,C:\github\map_gwage\MERASwd\Scripts\pdfs\PDF351305091143401.csv,1743.239494,11811487.25,1.971492986,351305091143401.csv,3.51305E+14,3.51305E+14,58,well_summ_parts_351305091143401_21451903.csv,3.51305E+14,300,10125.83035,300,1.33024E+14,4005.443781,2630148.115,119.2130155,73.12961526,0.149303005,0.869495604,0.015696435,41.73466425,914788144.6,1139.02963,USGS_351305091143401,112MRVAA,N100MSRVVL,MRVA,87.5,77.5,87.5,77.5,87.5,191,35.218111,-91.242739,MAP 2022,POINT (-91.242739 35.218111),53
54,60,ptad_351305091143402.csv,351305091143402,68,C:\github\map_gwage\MERASwd\Scripts\pdfs\PDF351305091143402.csv,2088.719102,1141923.891,0.51160943,351305091143402.csv,3.51305E+14,3.51305E+14,59,well_summ_parts_351305091143402_21451903.csv,3.51305E+14,200,5443.053645,200,6.21826E+11,1682.017265,1374115.627,120.6539346,87.43003922,0.125634834,0.45047719,0.044438893,30.89903973,1575434741,144.8744674,USGS_351305091143402,112MRVAA,N100MSRVVL,MRVA,45.5,35.5,45.5,35.5,45.5,191,35.2181,-91.242736,MAP 2022,POINT (-91.242736 35.2181),54
55,61,ptad_351616091314502.csv,351616091314502,38,C:\github\map_gwage\MERASwd\Scripts\pdfs\PDF351616091314502.csv,3099.833657,1920152.568,0.447022599,351616091314502.csv,3.51616E+14,3.51616E+14,60,well_summ_parts_351616091314502_21451903.csv,3.51616E+14,100,6171.609203,100,3.51454E+11,411.5528417,11705.0123,11.65919293,26.38333771,0.129420928,0.764321573,0.001295949,14.19555363,7966006.549,96.05853157,USGS_351616091314502,112MRVAA,N100MSRVVL,MRVA,69.5,59.5,69.5,59.5,69.5,207,35.270989,-91.529194,MAP 2022,POINT (-91.529194 35.270989),55
82,62,ptad_351630090193301.csv,351630090193301,74,C:\github\map_gwage\MERASwd\Scripts\redoPDFs12174pguL\realdiscrep\PDF_351630090193301.csv,376.2094178,2828.327872,0.141362824,351630090193301.csv,3.5163E+14,3.5163E+14,61,well_summ_parts_351630090193301_21451903.csv,3.5163E+14,100,16074.84539,100,20649359413,449.8392988,21805.9564,2.172618262,52.60180143,0.028021482,0.398277561,0.008849478,60.39670919,3471406.671,8.939361232,AR008_351630090193301,110ALVM,N100MSRVVL,MRVA,162,142,162,142,162,222,35.275,-90.325833,MAP 2022,POINT (-90.325833 35.275),82
56,64,ptad_352505090565301.csv,352505090565301,26,C:\github\map_gwage\MERASwd\Scripts\pdfs\PDF352505090565301.csv,3599.999959,680380.2751,0.229125466,352505090565301.csv,3.52505E+14,3.52505E+14,63,well_summ_parts_352505090565301_21451903.csv,3.52505E+14,100,3142.301334,100,56752579390,635.2097481,41826.09993,30.35443379,72.01894752,0.076500504,0.343706504,0.012059132,13.81903976,205936821.3,75.81322522,AR008_352505090565301,110ALVM,N100MSRVVL,MRVA,147.8,129.1,147.5,129.1,147.5,228,35.418056,-90.948056,MAP 2022,POINT (-90.948056 35.418056),56
57,64,ptad_352505090565301.csv,352505090565301,0,C:\github\map_gwage\MERASwd\Scripts\pdfs\PDF352505090565301_2.csv,8400.000378,3704292.271,0.229125443,352505090565301_2.csv,3.52505E+14,3.52505E+14,63,well_summ_parts_352505090565301_21451903.csv,3.52505E+14,100,3142.301334,100,56752579390,635.2097481,41826.09993,30.35443379,72.01894752,0.076500504,0.343706504,0.012059132,13.81903976,205936821.3,75.81322522,AR008_352505090565301,110ALVM,N100MSRVVL,MRVA,147.8,129.1,147.5,129.1,147.5,228,35.418056,-90.948056,MAP 2022,POINT (-90.948056 35.418056),57
58,65,ptad_353224090264601.csv,353224090264601,47,C:\github\map_gwage\MERASwd\Scripts\pdfs\PDF353224090264601.csv,26.99826557,56.4783377,0.278358885,353224090264601.csv,3.53224E+14,3.53224E+14,64,well_summ_parts_353224090264601_21451903.csv,3.53224E+14,100,781.9389541,100,17283585731,674.6490522,128680.5031,58.15151971,68.38625128,0.111509466,0.358126916,0.012065321,4.887650073,245405755.1,168.1295595,AR008_353224090264601,110ALVM,N100MSRVVL,MRVA,115.2,95.6,114.4,95.6,114.4,217,35.54,-90.446111,MAP 2022,POINT (-90.446111 35.54),58
59,66,ptad_353243091022101.csv,353243091022101,14,C:\github\map_gwage\MERASwd\Scripts\pdfs\PDF353243091022101.csv,5403.37994,9673074.831,0.575594675,353243091022101.csv,3.53243E+14,3.53243E+14,65,well_summ_parts_353243091022101_21451903.csv,3.53243E+14,600,228.9492558,600,10608368948,176.3681659,29157.46592,28.74752301,47.55795444,0.112739745,0.257337263,0.048706618,3.871635816,64320979.51,449.8679685,AR008_353243091022101,110ALVM,N100MSRVVL,MRVA,125,-9999,-9999,85,125,-9999,35.545359,-91.039288,MAP 2022,POINT (-91.039288 35.545359),59
60,67,ptad_353617091162803.csv,353617091162803,23,C:\github\map_gwage\MERASwd\Scripts\pdfs\PDF353617091162803.csv,24.00046617,99.42782461,0.415464855,353617091162803.csv,3.53617E+14,3.53617E+14,66,well_summ_parts_353617091162803_21451903.csv,3.53617E+14,400,1663.994299,400,1.70139E+12,144.745932,14188.35657,34.44507455,22.72531646,0.258257906,0.496718774,0.000911383,15.54387025,20917065.09,783.8802273,USGS_353617091162803,110ALVM,N100MSRVVL,MRVA,92,62,92,62,92,219,35.605032,-91.274848,MAP 2022,POINT (-91.274848 35.605032),60
61,68,ptad_353816090511301.csv,353816090511301,50,C:\github\map_gwage\MERASwd\Scripts\pdfs\PDF353816090511301.csv,51.99513333,2700.324324,0.99941363,353816090511301.csv,3.53816E+14,3.53816E+14,67,well_summ_parts_353816090511301_21451903.csv,3.53816E+14,400,5746.465551,400,6.66556E+13,610.3226099,107033.3913,295.6592652,81.4853075,0.211016511,0.316002795,0.028367484,14.95072566,598599727.7,1420.749782,USDA_353816090511301,110ALVM,N100MSRVVL,MRVA,150,120,145,120,145,245,35.637911,-90.853561,MAP 2022,POINT (-90.853561 35.637911),61
62,70,ptad_355714090590001.csv,355714090590001,46,C:\github\map_gwage\MERASwd\Scripts\pdfs\PDF355714090590001.csv,4999.731501,4995191.01,0.447022484,355714090590001.csv,3.55714E+14,3.55714E+14,69,well_summ_parts_355714090590001_11551517.csv,3.55714E+14,300,488.2592762,300,10412496812,110.1962595,2883.76631,68.10687837,65.85010691,0.125325372,0.157809917,0.01443838,5.165184771,224377309,208.990689,AR008_355714090590001,110ALVM,N100MSRVVL,MRVA,130.6,110,130,110,130,260,35.953889,-90.983333,MAP 2022,POINT (-90.983333 35.953889),62
63,73,ptad_360404089232201.csv,360404089232201,42,C:\github\map_gwage\MERASwd\Scripts\pdfs\PDF360404089232201.csv,12999.30204,33767494.24,0.447022499,360404089232201.csv,3.60404E+14,3.60404E+14,72,well_summ_parts_360404089232201_11551517.csv,3.60404E+14,200,43729.1438,200,4.67238E+13,5951.356001,318313630.8,1233.339154,77.09174989,0.455547173,0.781393151,0.002974395,60.33089877,15642480.56,156.3140446,USGS_360404089232201,124MMPS,S100MSEMBM,MCAQ,895,750,890,750,890,311,36.067861,-89.389528,MAP 2022,POINT (-89.389528 36.067861),63
64,74,ptad_360829090075601.csv,360829090075601,19,C:\github\map_gwage\MERASwd\Scripts\pdfs\PDF360829090075601.csv,32.00255781,28.40833731,0.166547538,360829090075601.csv,3.60829E+14,3.60829E+14,73,well_summ_parts_360829090075601_11551517.csv,3.60829E+14,100,86.57371158,100,831224886.8,47092.2319,1.08528E+11,31412.54808,243.8270534,0.726891671,0.382739403,0.008482041,0.60205702,8040255.593,333.0222355,USGS_360829090075601,111ALVM,N100MSRVVL,MRVA,30,-9999,-9999,20,30,255,36.141381,-90.132117,MAP 2022,POINT (-90.132117 36.141381),64
65,75,ptad_361255090572101.csv,361255090572101,21,C:\github\map_gwage\MERASwd\Scripts\pdfs\PDF361255090572101.csv,20.00129821,12.64168187,0.177764176,361255090572101.csv,3.61255E+14,3.61255E+14,74,well_summ_parts_361255090572101_11551517.csv,3.61255E+14,100,2264.649258,100,1.78276E+11,1223.419004,114551.4972,25.33233271,73.68808794,0.068303083,0.47370735,0.030514027,19.43344843,3570500402,186.4428015,USGS_361255090572101,110ALVM,N100MSRVVL,MRVA,63,43,63,43,63,268,36.215333,-90.955917,MAP 2022,POINT (-90.955917 36.215333),65
66,76,ptad_361355089460901.csv,361355089460901,65,C:\github\map_gwage\MERASwd\Scripts\pdfs\PDF361355089460901.csv,20.99434527,40.32297939,0.302464195,361355089460901.csv,3.61355E+14,3.61355E+14,75,well_summ_parts_361355089460901_11551517.csv,3.61355E+14,200,1153.244947,200,2.65978E+11,683.9029361,317923.3033,578.3465082,44.20034616,0.544087049,0.589769831,0.020324052,8.971178918,2572855922,447.1998609,USGS_361355089460901,111ALVM,N100MSRVVL,MRVA,115,-9999,-9999,75,115,267,36.231808,-89.769136,MAP 2022,POINT (-89.769136 36.231808),66
67,77,ptad_362139090452801.csv,362139090452801,53,C:\github\map_gwage\MERASwd\Scripts\pdfs\PDF362139090452801.csv,24.99744652,94.67541224,0.389244921,362139090452801.csv,3.62139E+14,3.62139E+14,76,well_summ_parts_362139090452801_11551517.csv,3.62139E+14,100,186.361578,100,363453383.9,7297.618277,78836946.32,2216.711068,186.6248307,0.252281334,0.359167501,0.052856411,3.334826682,21825236.57,102.298197,USGS_362139090452801,110ALVM,N100MSRVVL,MRVA,128,98,128,98,128,281,36.360944,-90.757833,MAP 2022,POINT (-90.757833 36.360944),67
68,78,ptad_363426090215801.csv,363426090215801,28,C:\github\map_gwage\MERASwd\Scripts\pdfs\PDF363426090215801.csv,95.99982596,614.6906752,0.258260428,363426090215801.csv,3.63426E+14,3.63426E+14,77,well_summ_parts_363426090215801_11551517.csv,3.63426E+14,400,31.91638344,400,36686714.89,49061.21182,1.4398E+11,195191.8602,160.4419085,2.753677221,0.339200448,0.013011018,0.336335099,384347.4168,189.7757595,USGS_363426090215801,111ALVM,N100MSRVVL,MRVA,54,-9999,-9999,14,54,306,36.573808,-90.366067,MAP 2022,POINT (-90.366067 36.573808),68
69,79,ptad_363533089365801.csv,363533089365801,33,C:\github\map_gwage\MERASwd\Scripts\pdfs\PDF363533089365801.csv,33.99874835,38.8541198,0.183339317,363533089365801.csv,3.63533E+14,3.63533E+14,78,well_summ_parts_363533089365801_11551517.csv,3.63533E+14,100,14261.35623,100,3.25977E+14,674.0805794,333945.8826,851.3348891,82.21061489,0.354913337,0.325322421,0.045174204,16.97735647,2233690746,1265.996866,MO005_363533089365801,111ALVM,N100MSRVVL,MRVA,175,-9999,-9999,135,175,284,36.5925,-89.616111,MAP 2022,POINT (-89.616111 36.5925),69
70,80,ptad_364520089383301.csv,364520089383301,64,C:\github\map_gwage\MERASwd\Scripts\pdfs\PDF364520089383301.csv,289.9489247,83865.05132,0.998778089,364520089383301.csv,3.6452E+14,3.6452E+14,79,well_summ_parts_364520089383301_11551517.csv,3.6452E+14,100,39.63417635,100,78924497.82,404162.9089,7.55122E+11,158950.6924,577.6155554,0.690227616,0.716570084,0.043330191,0.226342751,758568.0818,224.1486235,USGS_364520089383301,111ALVM,N100MSRVVL,MRVA,32,-9999,-9999,22,32,287,36.755647,-89.642467,MAP 2022,POINT (-89.642467 36.755647),70
71,82,ptad_365308089100101.csv,365308089100101,59,C:\github\map_gwage\MERASwd\Scripts\pdfs\PDF365308089100101.csv,119.9855407,13043.96881,0.951866325,365308089100101.csv,3.65308E+14,3.65308E+14,81,well_summ_parts_365308089100101_11551517.csv,3.65308E+14,200,23375.83805,200,2.72081E+14,342.9690754,230463.9505,228.1775689,32.98169426,0.457997928,0.386343805,0.065822613,13.11474372,6045523940,705.6384313,USGS_365308089100101,111ALVM,N100MSRVVL,MRVA,50,-9999,-9999,10,50,315,36.88565,-89.166931,MAP 2022,POINT (-89.166931 36.88565),71
72,83,ptad_365955089421301.csv,365955089421301,52,C:\github\map_gwage\MERASwd\Scripts\pdfs\PDF365955089421301_1.csv,13.99863373,55.37696003,0.531592573,365955089421301_1.csv,3.65955E+14,3.65955E+14,82,well_summ_parts_365955089421301_11551517.csv,3.65955E+14,500,123.8256449,500,11453905622,367428.2017,2.60872E+12,3504957.532,616.537705,3.036559103,0.635554613,0.005263335,0.651317776,40239790.47,864.3033604,USGS_365955089421301,111ALVM,N100MSRVVL,MRVA,30,-9999,-9999,20,30,310,36.998658,-89.703667,MAP 2022,POINT (-89.703667 36.998658),72
73,83,ptad_365955089421301.csv,365955089421301,1,C:\github\map_gwage\MERASwd\Scripts\pdfs\PDF365955089421301_2.csv,29.99977058,161.8039312,0.42401049,365955089421301_2.csv,3.65955E+14,3.65955E+14,82,well_summ_parts_365955089421301_11551517.csv,3.65955E+14,500,123.8256449,500,11453905622,367428.2017,2.60872E+12,3504957.532,616.537705,3.036559103,0.635554613,0.005263335,0.651317776,40239790.47,864.3033604,USGS_365955089421301,111ALVM,N100MSRVVL,MRVA,30,-9999,-9999,20,30,310,36.998658,-89.703667,MAP 2022,POINT (-89.703667 36.998658),73
