OBJECTID,FID_1,siteag,AQFR_CD,NAT_AQFR_C,Layer,WELL_DEPTH,OTOP_dep,OBTM_dep,TOP,BOT,ALT_VA,DEC_LAT_VA,DEC_LONG_V,Source,FID_2,region
1,259,USGS_304645091434901,112MRVA,N100MSRVVL,MRVA,137,132,137,132,137,36,30.779352,-91.730393,MAP 2022,0,Atchafalaya
2,341,USGS_301704091141201,112MRVA,N100MSRVVL,MRVA,250,179,250,179,250,23,30.284639,-91.236774,Historic,0,Atchafalaya
3,37,USGS_321547091443401,112MRVA,N100MSRVVL,MRVA,40,30,40,30,40,73,32.262994,-91.7425,Historic,1,Boeuf
4,94,USGS_320732091181601,112MRVA,N100MSRVVL,MRVA,77,-9999,-9999,37,77,76,32.125194,-91.3045,Historic,1,Boeuf
5,95,USGS_320958091425501,112MRVA,N100MSRVVL,MRVA,77,72,77,72,77,65,32.166306,-91.714972,MAP 2022,1,Boeuf
6,97,USGS_321011091431701,112MRVA,N100MSRVVL,MRVA,79,49,79,49,79,67,32.1705,-91.721111,Historic,1,Boeuf
7,100,USGS_320233091395501,112MRVA,N100MSRVVL,MRVA,80,-9999,-9999,40,80,74,32.042417,-91.665133,MAP 2022,1,Boeuf
8,102,USGS_315540091470901,112MRVA,N100MSRVVL,MRVA,80,-9999,-9999,40,80,64,31.927778,-91.785833,Solder 2020,1,Boeuf
9,125,USGS_321245091495501,112MRVA,N100MSRVVL,MRVA,110,60,90,60,90,70,32.212651,-91.832073,Solder 2020,1,Boeuf
10,131,AR008_334144091284201,110ALVM,N100MSRVVL,MRVA,93.7,74,93,74,93,152,33.695556,-91.478333,MAP 2022,1,Boeuf
11,132,AR008_334916091182501,110ALVM,N100MSRVVL,MRVA,93.8,75.5,93.4,75.5,93.4,147,33.821111,-91.306944,MAP 2022,1,Boeuf
12,142,USGS_324311091162801,112MRVA,N100MSRVVL,MRVA,96,79,96,79,96,90,32.719239,-91.274606,Historic,1,Boeuf
13,143,AR008_331818091233401,110ALVM,N100MSRVVL,MRVA,97.6,79.3,97.2,79.3,97.2,118,33.305,-91.392778,MAP 2022,1,Boeuf
14,145,USGS_320237091493801,112MRVA,N100MSRVVL,MRVA,100,58,98,58,98,66,32.043667,-91.827306,MAP 2022,1,Boeuf
15,154,USGS_340021091320101,110ALVM,N100MSRVVL,MRVA,100,-9999,-9999,60,100,164,34.005833,-91.534583,Historic,1,Boeuf
16,175,USGS_335442091163901,110ALVM,N100MSRVVL,MRVA,105,65,105,65,105,154,33.911686,-91.278467,Historic,1,Boeuf
17,203,USGS_323723091462002,112MRVA,N100MSRVVL,MRVA,110,85,110,85,110,90,32.62375,-91.772778,Historic,1,Boeuf
18,213,USGS_325947091175601,112MRVA,N100MSRVVL,MRVA,115,95,115,95,115,117,32.996513,-91.299002,MAP 2022,1,Boeuf
19,216,USGS_340905091495201,110ALVM,N100MSRVVL,MRVA,115,112,115,112,115,193.98,34.151361,-91.832139,MAP 2022,1,Boeuf
20,245,USGS_322358091110701,112MRVA,N100MSRVVL,MRVA,128,88,128,88,128,80,32.399588,-91.185388,Historic,1,Boeuf
21,345,USGS_343118092123701,124SPRT,S100MSEMBM,MCAQ,255,215,-9999,215,255,244,34.521761,-92.210426,Solder 2020,1,Boeuf
22,346,USGS_324609091434902,124COKF,S100MSEMBM,UCAQ,255,225,255,225,255,95,32.769302,-91.730402,Historic,1,Boeuf
23,380,USGS_330640091154103,124CCKF,S100MSEMBM,UCAQ,332,280,330,280,330,138,33.111222,-91.261397,Historic,1,Boeuf
24,381,USGS_332030091185401,124CCKF,S100MSEMBM,UCAQ,330,-9999,-9999,300,330,126,33.340936,-91.315953,Solder 2020,1,Boeuf
25,383,USGS_322918092031901,124SPRT,S100MSEMBM,MCAQ,340,300,340,300,340,70,32.488478,-92.055411,Solder 2020,1,Boeuf
26,384,USGS_322134092070601,124SPRT,S100MSEMBM,MCAQ,340,320,340,320,340,74,32.359444,-92.118333,Historic,1,Boeuf
27,386,USGS_321918092051701,124SPRT,S100MSEMBM,MCAQ,350,269,350,269,350,73,32.321816,-92.08819,Historic,1,Boeuf
28,389,USGS_324139092015001,124SPRT,S100MSEMBM,MCAQ,360,336,357,336,357,82,32.694111,-92.030556,Historic,1,Boeuf
29,404,USGS_323308091310801,124CCKF,S100MSEMBM,UCAQ,443,362,437,362,437,88,32.552361,-91.519007,Solder 2020,1,Boeuf
30,472,USGS_322854092091501,124SPRT,S100MSEMBM,MCAQ,730,600,710,600,710,70,32.481812,-92.154302,Historic,1,Boeuf
31,486,AR008_335420091295301,124SPRT,S100MSEMBM,MCAQ,850,-9999,-9999,820,850,163,33.905658,-91.498179,Historic,1,Boeuf
32,487,USGS_341147092022301,124SPRT,S100MSEMBM,MCAQ,863,783,863,783,863,235,34.196667,-92.039972,Solder 2020,1,Boeuf
33,0,USGS_325338090505502,111HCPC,N100MSRVVL,MRVA,5,3,5,3,5,95,32.894017,-90.848711,Historic,2,Delta
34,1,USGS_333228090050201,111HCPC,-9999,MRVA,5,3,5,3,5,140,33.541231,-90.083973,Historic,2,Delta
35,2,USGS_325338090505501,111HCPC,N100MSRVVL,MRVA,8,6,8,6,8,95,32.894017,-90.848711,Historic,2,Delta
36,3,USGS_325338090505506,112MRVA,N100MSRVVL,MRVA,10,8.5,10,8.5,10,95,32.894,-90.848667,Historic,2,Delta
37,4,USGS_333228090050202,111HCPC,-9999,MRVA,12,9,12,9,12,140,33.541231,-90.083973,Historic,2,Delta
38,5,USGS_325338090505504,112MRVA,N100MSRVVL,MRVA,12,10.5,12,10.5,12,95,32.894028,-90.848667,Historic,2,Delta
39,8,USGS_325338090505503,112MRVA,N100MSRVVL,MRVA,19.9,18.4,19.9,18.4,19.9,95,32.894028,-90.848667,Historic,2,Delta
40,12,USGS_325338090505505,112MRVA,N100MSRVVL,MRVA,24,22.5,24,22.5,24,95,32.893889,-90.848611,Historic,2,Delta
41,17,USGS_334738090533901,112MRVA,N100MSRVVL,MRVA,29,-9999,-9999,19,29,135,33.795111,-90.893714,Historic,2,Delta
42,20,USGS_331721090285901,112MRVA,-9999,MRVA,30,-9999,-9999,20,30,95,33.28925,-90.482972,MAP 2022,2,Delta
43,24,USGS_335754090541101,112MRVA,N100MSRVVL,MRVA,32,27,32,27,32,153.05,33.965,-90.903056,Historic,2,Delta
44,31,USGS_325723091001901,112MRVA,N100MSRVVL,MRVA,37,-9999,-9999,27,37,106,32.956515,-91.005382,Historic,2,Delta
45,39,USGS_333315090105302,112MRVA,N100MSRVVL,MRVA,40.5,30.5,40.5,30.5,40.5,125,33.554169,-90.181281,MAP 2022,2,Delta
46,40,USGS_333224090114002,112MRVA,-9999,MRVA,78,31,41,31,41,120,33.539881,-90.19455,MAP 2022,2,Delta
47,46,USGS_332514090500902,112MRVA,N100MSRVVL,MRVA,45,35,45,35,45,117,33.420611,-90.835739,MAP 2022,2,Delta
48,51,USGS_350054090080401,100ALVM,N100MSRVVL,MRVA,47,-9999,-9999,7,47,207,35.015093,-90.134538,Historic,2,Delta
49,52,USGS_324044090323402,112MRVA,N100MSRVVL,MRVA,47,37,47,37,47,100,32.678869,-90.542911,MAP 2022,2,Delta
50,53,USGS_331654090501402,112MRVA,N100MSRVVL,MRVA,47,37,47,37,47,110,33.281611,-90.8372,MAP 2022,2,Delta
51,62,USGS_340006090393101,112MRVA,N100MSRVVL,MRVA,54,-9999,-9999,14,54,150,34.001778,-90.655654,Historic,2,Delta
52,65,USGS_350401090081901,100ALVM,N100MSRVVL,MRVA,55.4,35.4,55.4,35.4,55.4,212.91,35.067,-90.138472,Historic,2,Delta
53,66,USGS_350404090083302,100ALVM,N100MSRVVL,MRVA,55.8,45.8,55.8,45.8,55.8,215.99,35.067639,-90.142417,Historic,2,Delta
54,70,USGS_333824090320702,112MRVA,N100MSRVVL,MRVA,59.5,49.5,59.5,49.5,59.5,127,33.639981,-90.535381,MAP 2022,2,Delta
55,72,USGS_341233090393601,111ALVM,N100MSRVVL,MRVA,60,50,60,50,60,164,34.209206,-90.659922,Historic,2,Delta
56,85,USGS_330413090192501,112MRVA,N100MSRVVL,MRVA,70,50,70,50,70,108,33.070405,-90.323699,Historic,2,Delta
57,88,USGS_333611090161501,112MRVA,N100MSRVVL,MRVA,72.5,62.5,72.5,62.5,72.5,133,33.60295,-90.270769,MAP 2022,2,Delta
58,89,USGS_333547090180301,112MRVA,N100MSRVVL,MRVA,73,63,73,63,73,133,33.596481,-90.30095,MAP 2022,2,Delta
59,91,USGS_324615090375001,112MRVA,N100MSRVVL,MRVA,74,71,74,71,74,98.38,32.770966,-90.630651,MAP 2022,2,Delta
60,92,USGS_350213090075701,100ALVM,N100MSRVVL,MRVA,76,-9999,-9999,36,76,207,35.037037,-90.132593,Historic,2,Delta
61,98,USGS_333805090240501,112MRVA,N100MSRVVL,MRVA,79.5,69.5,79.5,69.5,79.5,121,33.634769,-90.401339,MAP 2022,2,Delta
62,99,USGS_333824090320701,112MRVA,N100MSRVVL,MRVA,79.5,69.5,79.5,69.5,79.5,128,33.639931,-90.5353,MAP 2022,2,Delta
63,101,USGS_332424090120902,112MRVA,N100MSRVVL,MRVA,80,-9999,-9999,40,80,124,33.406944,-90.2025,MAP 2022,2,Delta
64,104,USGS_340413090340301,111ALVM,N100MSRVVL,MRVA,80,60,80,60,80,160,34.070603,-90.567953,Historic,2,Delta
65,105,USGS_333315090105301,112MRVA,N100MSRVVL,MRVA,80,70,80,70,80,125,33.55415,-90.181281,MAP 2022,2,Delta
66,107,USGS_331654090501401,112MRVA,N100MSRVVL,MRVA,81,71,81,71,81,110,33.281589,-90.837189,MAP 2022,2,Delta
67,110,USGS_350114090080001,100ALVM,N100MSRVVL,MRVA,84,-9999,-9999,44,84,207,35.020649,-90.133427,Historic,2,Delta
68,121,USGS_333900090123703,112MRVA,N100MSRVVL,MRVA,90,-9999,-9999,50,90,136,33.65,-90.210278,MAP 2022,2,Delta
69,122,USGS_334554090355302,112MRVA,N100MSRVVL,MRVA,90,-9999,-9999,50,90,139,33.764889,-90.597972,MAP 2022,2,Delta
70,123,USGS_350134090080001,100ALVM,N100MSRVVL,MRVA,90,-9999,-9999,50,90,207,35.026204,-90.133427,Historic,2,Delta
71,124,USGS_332233090562301,112MRVA,N100MSRVVL,MRVA,90,-9999,-9999,50,90,116,33.375951,-90.939825,Historic,2,Delta
72,127,USGS_330849091035901,112MRVA,N100MSRVVL,MRVA,90,85,90,85,90,111.12,33.147066,-91.066495,MAP 2022,2,Delta
73,135,USGS_350154090075801,100ALVM,N100MSRVVL,MRVA,95,-9999,-9999,55,95,207,35.03176,-90.132871,Historic,2,Delta
74,139,USGS_324232090325001,112MRVA,N100MSRVVL,MRVA,96,56,96,56,96,97,32.746801,-90.549817,Historic,2,Delta
75,140,USGS_331557090122401,112MRVA,N100MSRVVL,MRVA,96,56,96,56,96,111,33.265957,-90.206751,Historic,2,Delta
76,149,USGS_335308090362102,112MRVA,N100MSRVVL,MRVA,100,-9999,-9999,60,100,143,33.885556,-90.605833,MAP 2022,2,Delta
77,150,USGS_324355090391801,111ALVM,N100MSRVVL,MRVA,100,60,100,60,100,96,32.731831,-90.654892,Historic,2,Delta
78,151,USGS_332304090201001,112MRVA,N100MSRVVL,MRVA,100,60,100,60,100,125,33.384566,-90.336196,Historic,2,Delta
79,152,USGS_332730090280501,111ALVM,N100MSRVVL,MRVA,100,60,100,60,100,119,33.458311,-90.468133,Historic,2,Delta
80,153,USGS_335207090165501,111ALVM,N100MSRVVL,MRVA,100,-9999,-9999,60,100,148,33.868781,-90.281822,Historic,2,Delta
81,161,USGS_330606090561401,112MRVA,N100MSRVVL,MRVA,100,60,100,60,100,106,33.106789,-90.94038,Historic,2,Delta
82,164,USGS_332335090120001,112MRVA,N100MSRVVL,MRVA,100,80,-9999,80,100,121,33.393178,-90.206195,Historic,2,Delta
83,165,USGS_333548090180601,112MRVA,N100MSRVVL,MRVA,-9999,-9999,-9999,90,100,133,33.596639,-90.301472,MAP 2022,2,Delta
84,169,USGS_335945090305701,112MRVA,N100MSRVVL,MRVA,104,56,-9999,56,104,147,34.00039,-90.509261,Historic,2,Delta
85,173,USGS_325838090210901,112MRVA,N100MSRVVL,MRVA,105,65,105,65,105,100,32.980129,-90.372312,Historic,2,Delta
86,174,USGS_333118090582401,112MRVA,N100MSRVVL,MRVA,105,65,105,65,105,125,33.527059,-90.98816,Historic,2,Delta
87,176,USGS_340026090252601,112MRVA,N100MSRVVL,MRVA,105,65,105,65,105,149,34.007335,-90.425093,Historic,2,Delta
88,177,USGS_340046090460401,112MRVA,N100MSRVVL,MRVA,105,65,105,65,105,163,34.014553,-90.873438,Historic,2,Delta
89,180,USGS_333543090513801,112MRVA,N100MSRVVL,MRVA,107,67,107,67,107,126,33.598725,-90.862044,Historic,2,Delta
90,183,USGS_340824090411501,112MRVA,N100MSRVVL,MRVA,108,60,-9999,60,108,159,34.142608,-90.681768,Historic,2,Delta
91,184,USGS_332012090505701,112MRVA,N100MSRVVL,MRVA,108,68,108,68,108,110,33.335952,-90.846488,Historic,2,Delta
92,188,USGS_340314090184101,112MRVA,N100MSRVVL,MRVA,110,60,110,60,110,151.79,34.08039,-90.311759,Historic,2,Delta
93,189,USGS_325632090484601,112MRVA,N100MSRVVL,MRVA,110,70,-9999,70,110,101,32.943461,-90.817321,Historic,2,Delta
94,190,USGS_330142091000801,111ALVM,N100MSRVVL,MRVA,110,70,110,70,110,110,33.028214,-91.002206,Historic,2,Delta
95,191,USGS_331037090404501,111ALVM,N100MSRVVL,MRVA,110,70,110,70,110,106,33.177,-90.679133,Historic,2,Delta
96,192,USGS_331317090585001,112MRVA,N100MSRVVL,MRVA,110,-9999,-9999,70,110,110,33.222342,-90.981215,Historic,2,Delta
97,193,USGS_332958090383001,112MRVA,N100MSRVVL,MRVA,110,-9999,-9999,70,110,120,33.499839,-90.642035,Historic,2,Delta
98,194,USGS_341827090080501,112VLTR,N100MSRVVL,MRVA,110,70,110,70,110,170,34.307558,-90.134842,Historic,2,Delta
99,196,USGS_342852090263501,112MRVA,N100MSRVVL,MRVA,110,-9999,-9999,70,110,181,34.481216,-90.4451,Historic,2,Delta
100,200,USGS_341811090222201,112MRVA,N100MSRVVL,MRVA,110,70,110,70,110,166,34.294554,-90.370373,Historic,2,Delta
101,206,USGS_334715090190001,112MRVA,N100MSRVVL,MRVA,112,72,-9999,72,112,140,33.79456,-90.318977,Historic,2,Delta
102,207,USGS_335318090303001,111ALVM,N100MSRVVL,MRVA,112,72,112,72,112,141,33.888403,-90.508414,Historic,2,Delta
103,208,USGS_343710090174501,111ALVM,N100MSRVVL,MRVA,112,72,112,72,112,185,34.617722,-90.302444,Historic,2,Delta
104,217,USGS_330706090305201,112MRVA,N100MSRVVL,MRVA,116,76,116,76,116,105,33.118459,-90.514535,Historic,2,Delta
105,218,USGS_331319090333901,112MRVA,N100MSRVVL,MRVA,116,76,116,76,116,104,33.222068,-90.560924,Historic,2,Delta
106,219,USGS_335226091004201,111ALVM,N100MSRVVL,MRVA,116,76,116,76,116,132,33.864675,-90.976178,Historic,2,Delta
107,220,USGS_333412090135201,112MRVA,N100MSRVVL,MRVA,120,60,120,60,120,130,33.569008,-90.227307,Historic,2,Delta
108,221,USGS_335910090532901,112MRVA,N100MSRVVL,MRVA,120,72,120,72,120,153.55,33.962778,-90.891389,Historic,2,Delta
109,222,USGS_334347090361501,112MRVA,N100MSRVVL,MRVA,120,-9999,-9999,80,120,141.08,33.73067,-90.60426,Historic,2,Delta
110,223,USGS_341703090113301,112MRVA,N100MSRVVL,MRVA,120,-9999,-9999,80,120,155,34.284277,-90.192592,Historic,2,Delta
111,230,USGS_322431090530201,112MRVA,N100MSRVVL,MRVA,122,82,122,82,122,85,32.409108,-90.88405,Historic,2,Delta
112,231,USGS_324802091063201,112MRVA,N100MSRVVL,MRVA,122,82,122,82,122,103,32.797352,-91.106774,Historic,2,Delta
113,236,USGS_344540090230801,112MRVA,N100MSRVVL,MRVA,125,75,125,75,125,188,34.761211,-90.385655,Historic,2,Delta
114,237,USGS_341649090400201,112MRVA,N100MSRVVL,MRVA,125,77,-9999,77,125,165,34.280384,-90.667325,Historic,2,Delta
115,239,USGS_342207090373201,112MRVA,N100MSRVVL,MRVA,125,105,125,105,125,170,34.368611,-90.625556,MAP 2022,2,Delta
116,240,USGS_335609090190001,112MRVA,N100MSRVVL,MRVA,126,86,126,86,126,148,33.934003,-90.318979,Historic,2,Delta
117,243,USGS_350400090085302,100ALVM,N100MSRVVL,MRVA,126,116,126,116,126,214.84,35.0665,-90.148194,Historic,2,Delta
118,247,USGS_331026090470701,112MRVA,N100MSRVVL,MRVA,130,80,130,80,130,106,33.172345,-90.782875,Historic,2,Delta
119,252,USGS_331302090485901,112VLTR,N100MSRVVL,MRVA,131,91,131,91,131,106,33.215997,-90.813278,Historic,2,Delta
120,254,USGS_334938090420901,112MRVA,N100MSRVVL,MRVA,135,95,-9999,95,135,140,33.828446,-90.706764,Historic,2,Delta
121,262,USGS_350404090083303,100ALVM,N100MSRVVL,MRVA,139.8,129.8,139.8,129.8,139.8,216.56,35.067722,-90.142528,Historic,2,Delta
122,264,USGS_323748090515401,112MRVA,N100MSRVVL,MRVA,140,100,140,100,140,95,32.615692,-90.860102,Historic,2,Delta
123,276,USGS_335429090415001,111ALVM,N100MSRVVL,MRVA,150,130,150,130,150,147,33.907914,-90.697189,Historic,2,Delta
124,282,USGS_325436090230902,112MRVA,N100MSRVVL,MRVA,158,108,-9999,108,158,118,32.90902,-90.389535,Historic,2,Delta
125,290,USGS_350355090082102,100ALVM,N100MSRVVL,MRVA,166,156,166,156,166,210.88,35.065972,-90.139194,Historic,2,Delta
126,291,USGS_332424090120901,124SPRT,S100MSEMBM,MCAQ,170,-9999,-9999,140,170,124,33.406667,-90.2025,MAP 2022,2,Delta
127,305,USGS_322306090523201,112MRVA,N100MSRVVL,MRVA,181,141,181,141,181,110,32.385483,-90.8758,MAP 2022,2,Delta
128,310,USGS_322934090493901,111ALVM,N100MSRVVL,MRVA,200,160,200,160,200,95,32.493,-90.816806,Historic,2,Delta
129,311,USGS_334554090355303,124SPRT,S100MSEMBM,MCAQ,200,-9999,-9999,170,200,139,33.764889,-90.597972,MAP 2022,2,Delta
130,315,USGS_333547090180501,124SPRT,S100MSEMBM,MCAQ,-9999,-9999,-9999,190,200,132,33.596444,-90.3015,MAP 2022,2,Delta
131,320,USGS_342520090071501,124SPRT,S100MSEMBM,MCAQ,208,187,208,187,208,185,34.394167,-90.097778,Historic,2,Delta
132,325,USGS_333100090110002,124SPRT,S100MSEMBM,MCAQ,220,160,-9999,160,220,130,33.515278,-90.189167,Historic,2,Delta
133,326,USGS_333900090123702,112MRVA,N100MSRVVL,MRVA,220,-9999,-9999,180,220,136,33.65,-90.210278,MAP 2022,2,Delta
134,332,USGS_333334090074001,124SPRT,S100MSEMBM,MCAQ,235,225,235,225,235,195,33.559722,-90.128056,Historic,2,Delta
135,333,USGS_335308090362101,124SPRT,S100MSEMBM,MCAQ,236,-9999,-9999,206,236,143,33.885556,-90.605833,MAP 2022,2,Delta
136,378,USGS_334457090181801,124SPRT,S100MSEMBM,MCAQ,325,275,325,275,325,140,33.748056,-90.302222,Historic,2,Delta
137,388,USGS_341212090341501,124SPRT,S100MSEMBM,MCAQ,357,-9999,-9999,327,357,170,34.203442,-90.570932,Historic,2,Delta
138,424,USGS_350504090082401,124MMPS,S100MSEMBM,MCAQ,474,399,470,399,470,243,35.084325,-90.140094,Historic,2,Delta
139,427,USGS_333524091043701,124CCKF,S100MSEMBM,UCAQ,483,431,483,431,483,140,33.590097,-91.076314,Historic,2,Delta
140,434,USGS_341108090432001,124SPRT,S100MSEMBM,MCAQ,525,495,525,495,525,164,34.183889,-90.723333,Historic,2,Delta
141,435,USGS_340031090030201,124MUWX,S100MSEMBM,LCAQ,529,489,529,489,529,205,34.007997,-90.050344,Historic,2,Delta
142,442,USGS_350404090083301,124MMPS,S100MSEMBM,MCAQ,564,425,560,425,560,216,35.067639,-90.142528,Historic,2,Delta
143,448,USGS_333458090060801,124SPRT,S100MSEMBM,MCAQ,578,558,578,558,578,130,33.582897,-90.102307,Historic,2,Delta
144,449,USGS_350400090085301,124MMPS,S100MSEMBM,MCAQ,584,480,580,480,580,216,35.066778,-90.148,Historic,2,Delta
145,456,USGS_350355090082101,124MMPS,S100MSEMBM,MCAQ,608,503,603,503,603,211,35.065333,-90.139222,Historic,2,Delta
146,463,USGS_350356090084001,124MMPS,S100MSEMBM,MCAQ,654,550,650,550,650,219,35.065639,-90.144583,Historic,2,Delta
147,464,USGS_350404090084701,124MMPS,S100MSEMBM,MCAQ,654,550,650,550,650,218,35.06775,-90.146389,Historic,2,Delta
148,474,USGS_334348090432401,124SPRT,S100MSEMBM,MCAQ,744,683,744,683,744,140,33.729553,-90.723267,Solder 2020,2,Delta
149,479,USGS_333136090124801,124MUWX,S100MSEMBM,LCAQ,780,710,780,710,780,130,33.525328,-90.212825,Solder 2020,2,Delta
150,480,USGS_334420090444001,124SPRT,S100MSEMBM,MCAQ,785,705,785,705,785,137,33.738214,-90.745169,Solder 2020,2,Delta
151,482,USGS_324806090553601,124SPRT,S100MSEMBM,MCAQ,800,700,800,700,800,105,32.804964,-90.925372,Historic,2,Delta
152,483,USGS_335853090543701,124SPRT,S100MSEMBM,MCAQ,814,755,814,755,814,153,33.981497,-90.910383,MAP 2022,2,Delta
153,484,USGS_335623090201801,124TLLT,S100MSEMBM,LCAQ,816,776,816,776,816,153,33.945631,-90.342667,Historic,2,Delta
154,492,USGS_341020090080501,124MUWX,S100MSEMBM,LCAQ,926,881,922,881,922,162,34.172928,-90.135669,Historic,2,Delta
155,493,USGS_325409091031101,124SPRT,S100MSEMBM,MCAQ,925,885,925,885,925,105,32.902286,-91.053125,MAP 2022,2,Delta
156,497,USGS_324959090255901,124SPRT,S100MSEMBM,MCAQ,990,910,990,910,990,76,32.835511,-90.434483,Solder 2020,2,Delta
157,507,USGS_323757090515301,124SPRT,S100MSEMBM,MCAQ,1449,1379,1449,1379,1449,95,32.6325,-90.864722,MAP 2022,2,Delta
158,84,USGS_351616091314502,112MRVAA,N100MSRVVL,MRVA,69.5,59.5,69.5,59.5,69.5,207,35.270989,-91.529194,MAP 2022,4,Grand Prairie
159,147,USGS_350405091524202,112TRRC,N100MSRVVL,MRVA,99,-9999,-9999,59,99,237,35.068142,-91.878474,MAP 2022,4,Grand Prairie
160,155,USGS_342657092013901,110ALVM,N100MSRVVL,MRVA,100,-9999,-9999,60,100,221,34.448797,-92.027533,Historic,4,Grand Prairie
161,178,AR008_343841092033701,110ALVM,N100MSRVVL,MRVA,105.5,85,105,85,105,236,34.644722,-92.060278,MAP 2022,4,Grand Prairie
162,195,USGS_342304091500001,110ALVM,N100MSRVVL,MRVA,110,-9999,-9999,70,110,205,34.385556,-91.832917,Historic,4,Grand Prairie
163,232,USGS_342847091345702,110ALVM,N100MSRVVL,MRVA,123,108,123,108,123,198,34.479819,-91.582628,Historic,4,Grand Prairie
164,242,USGS_344653091382701,110ALVM,N100MSRVVL,MRVA,126,106,126,106,126,235,34.781333,-91.640944,MAP 2022,4,Grand Prairie
165,250,AR008_344659091293701,110ALVM,N100MSRVVL,MRVA,130,110,130,110,130,223,34.783403,-91.492625,MAP 2022,4,Grand Prairie
166,255,AR008_340740091211501,110ALVM,N100MSRVVL,MRVA,135.5,115,135,115,135,178,34.127778,-91.354167,MAP 2022,4,Grand Prairie
167,257,AR008_344651091355101,110ALVM,N100MSRVVL,MRVA,136,116,136,116,136,231,34.780833,-91.5975,MAP 2022,4,Grand Prairie
168,261,AR008_343826091361302,110ALVM,N100MSRVVL,MRVA,139.5,119,139,119,139,228,34.640556,-91.603611,MAP 2022,4,Grand Prairie
169,267,AR001_343014091325401,110ALVM,N100MSRVVL,MRVA,144,-9999,-9999,104,144,214,34.503778,-91.547722,MAP 2022,4,Grand Prairie
170,271,AR008_343430091544701,110ALVM,N100MSRVVL,MRVA,145.5,125,145,125,145,221,34.575,-91.913056,MAP 2022,4,Grand Prairie
171,277,AR008_343609091474601,110ALVM,N100MSRVVL,MRVA,151.9,131.4,151.4,131.4,151.4,206,34.6025,-91.796111,MAP 2022,4,Grand Prairie
172,278,AR008_342553091225101,110ALVM,N100MSRVVL,MRVA,152.5,132.8,151.8,132.8,151.8,196,34.431389,-91.380833,MAP 2022,4,Grand Prairie
173,284,AR008_344649091330001,110ALVM,N100MSRVVL,MRVA,160,140,160,140,160,227,34.780278,-91.55,MAP 2022,4,Grand Prairie
174,289,USGS_345358091502701,110ALVM,N100MSRVVL,MRVA,165,-9999,-9999,125,165,245,34.899575,-91.840833,MAP 2022,4,Grand Prairie
175,296,AR008_344543091510601,110ALVM,N100MSRVVL,MRVA,176.6,155.9,174.9,155.9,174.9,230,34.761944,-91.851667,MAP 2022,4,Grand Prairie
176,405,USGS_344651091524301,124SPRT,S100MSEMBM,MCAQ,437,-9999,-9999,407,437,235,34.780789,-91.878478,Solder 2020,4,Grand Prairie
177,411,AR008_344659091293702,124SPRT,S100MSEMBM,MCAQ,447.2,416,446,416,446,222,34.783056,-91.493611,MAP 2022,4,Grand Prairie
178,436,USGS_344651091355102,12405MP,S100MSEMBM,MCAQ,535.2,514,534,514,534,231,34.780833,-91.5975,MAP 2022,4,Grand Prairie
179,468,AR008_343015091325401,124SPRT,S100MSEMBM,MCAQ,677,-9999,-9999,647,677,214,34.503944,-91.547833,MAP 2022,4,Grand Prairie
180,475,USGS_342925091314701,124SPRT,S100MSEMBM,MCAQ,758,668,748,668,748,218,34.490181,-91.529942,Historic,4,Grand Prairie
181,477,USGS_341734091200601,124SPRT,S100MSEMBM,MCAQ,768,-9999,-9999,738,768,190,34.292817,-91.335308,Solder 2020,4,Grand Prairie
182,13,USGS_362858089440901,112VLTR,N100MSRVVL,MRVA,25,-9999,-9999,15,25,272,36.482889,-89.735806,Historic,5,St. Francis
183,18,USGS_360829090075601,111ALVM,N100MSRVVL,MRVA,30,-9999,-9999,20,30,255,36.141381,-90.132117,MAP 2022,5,St. Francis
184,19,USGS_365955089421301,111ALVM,N100MSRVVL,MRVA,30,-9999,-9999,20,30,310,36.998658,-89.703667,MAP 2022,5,St. Francis
185,21,USGS_364520089383301,111ALVM,N100MSRVVL,MRVA,32,-9999,-9999,22,32,287,36.755647,-89.642467,MAP 2022,5,St. Francis
186,57,USGS_365308089100101,111ALVM,N100MSRVVL,MRVA,50,-9999,-9999,10,50,315,36.88565,-89.166931,MAP 2022,5,St. Francis
187,112,USGS_355639089430201,110ALVM,N100MSRVVL,MRVA,85,-9999,-9999,45,85,256,35.944061,-89.717172,Historic,5,St. Francis
188,137,USGS_360148090023801,112VLTR,N100MSRVVL,MRVA,95,80,95,80,95,240,36.030028,-90.043944,Historic,5,St. Francis
189,156,USGS_345628090295701,110ALVM,N100MSRVVL,MRVA,100,60,100,60,100,201,34.941033,-90.499042,Historic,5,St. Francis
190,157,USGS_352104090182301,110ALVM,N100MSRVVL,MRVA,100,60,100,60,100,220,35.351233,-90.306481,Historic,5,St. Francis
191,158,USGS_361412090150301,112VLTR,N100MSRVVL,MRVA,100,-9999,-9999,60,100,260,36.236792,-90.2507,Historic,5,St. Francis
192,159,USGS_362501089290001,111ALVM,N100MSRVVL,MRVA,100,-9999,-9999,60,100,305,36.416833,-89.483444,Historic,5,St. Francis
193,160,USGS_363807089485001,112VLTR,N100MSRVVL,MRVA,100,-9999,-9999,60,100,282,36.635167,-89.813944,Historic,5,St. Francis
194,168,USGS_355813090213901,110ALVM,N100MSRVVL,MRVA,103,63,103,63,103,239,35.970256,-90.360625,Historic,5,St. Francis
195,186,USGS_363956089584201,112VLTR,N100MSRVVL,MRVA,109,40.6,109,40.6,109,299,36.665444,-89.978389,Historic,5,St. Francis
196,198,USGS_353841090145901,112VLTR,N100MSRVVL,MRVA,110,-9999,-9999,70,110,228,35.645133,-90.249342,Historic,5,St. Francis
197,199,USGS_355516090285600,110ALVM,N100MSRVVL,MRVA,110,-9999,-9999,70,110,240,35.921467,-90.482594,Historic,5,St. Francis
198,201,USGS_350942090194001,110ALVM,N100MSRVVL,MRVA,110,-9999,-9999,70,110,210,35.162047,-90.327858,Historic,5,St. Francis
199,211,AR008_353224090264601,110ALVM,N100MSRVVL,MRVA,115.2,95.6,114.4,95.6,114.4,217,35.54,-90.446111,MAP 2022,5,St. Francis
200,212,USGS_361355089460901,111ALVM,N100MSRVVL,MRVA,115,-9999,-9999,75,115,267,36.231808,-89.769136,MAP 2022,5,St. Francis
201,215,USGS_365430089265001,111ALVM,N100ALLUVL,MRVA,115,95,-9999,95,115,321,36.908385,-89.4473,Historic,5,St. Francis
202,225,USGS_352934090265401,112VLTR,N100MSRVVL,MRVA,120,-9999,-9999,80,120,216,35.494008,-90.449014,Historic,5,St. Francis
203,235,USGS_351204090124001,110ALVM,N100MSRVVL,MRVA,117,60,125,60,125,216,35.200975,-90.211011,Historic,5,St. Francis
204,268,USGS_361359090031001,112VLTR,N100MSRVVL,MRVA,145,95,145,95,145,266,36.233121,-90.052871,Historic,5,St. Francis
205,287,AR008_351630090193301,110ALVM,N100MSRVVL,MRVA,162,142,162,142,162,222,35.275,-90.325833,MAP 2022,5,St. Francis
206,297,MO005_363533089365801,111ALVM,N100MSRVVL,MRVA,175,-9999,-9999,135,175,284,36.5925,-89.616111,MAP 2022,5,St. Francis
207,307,USGS_365631089413001,112VLTR,N100MSRVVL,MRVA,186,-9999,-9999,146,186,299,36.846306,-89.691583,Historic,5,St. Francis
208,379,USGS_350744090055601,12405MP,S100MSEMBM,MCAQ,338,280,330,280,330,222,35.129122,-90.098092,MAP 2022,5,St. Francis
209,400,USGS_365535089205301,124WLCXG,S100MSEMBM,MWAQ,404,324,404,324,404,324,36.925306,-89.348167,Historic,5,St. Francis
210,416,USGS_362245089280201,124MMPS,S100MSEMBM,MCAQ,456,376,451,376,451,302,36.37925,-89.467111,Historic,5,St. Francis
211,419,AR008_351630090193302,12405MP,S100MSEMBM,MCAQ,460,429.6,460,429.6,460,222,35.275,-90.325833,MAP 2022,5,St. Francis
212,420,USGS_363642089485501,124WLCXG,S100MSEMBM,MWAQ,460,-9999,-9999,431,460,280,36.611725,-89.815363,Solder 2020,5,St. Francis
213,422,USGS_351544090334101,12405MP,S100MSEMBM,MCAQ,462,402,462,402,462,205,35.260586,-90.558292,Historic,5,St. Francis
214,426,USGS_362243089280302,124MMPS,S100MSEMBM,MCAQ,470,-9999,-9999,440,470,302,36.378676,-89.467575,Historic,5,St. Francis
215,488,AR001_354459090334000,124WLCXG,S100MSEMBM,MWAQ,873,811,873,811,873,226,35.749514,-90.561808,Historic,5,St. Francis
216,499,USGS_355606090152601,124WLCXG,S100MSEMBM,MWAQ,1060,980,1060,980,1060,238,35.935236,-90.257381,Historic,5,St. Francis
217,503,USGS_355251090095201,124WLCXG,S100MSEMBM,LWAQ,-9999,-9999,-9999,1072,1156,243,35.88075,-90.1645,MAP 2022,5,St. Francis
218,504,USGS_353153090252201,124WLCXG,S100MSEMBM,MWAQ,1288.6,1205,1285,1205,1285,217,35.531111,-90.422906,Solder 2020,5,St. Francis
219,506,USGS_360923089400601,124WLCXG,S100MSEMBM,MWAQ,1390,1300,1390,1300,1390,264,36.156281,-89.668411,Solder 2020,5,St. Francis
220,508,USGS_355848089542201,124WLCXG,S100MSEMBM,MWAQ,1345,1281.6,1460,1281.6,1460,255,35.979806,-89.906139,Historic,5,St. Francis
221,510,USGS_350906090104201,124WLCXG,S100MSEMBM,MWAQ,1470,1380,1470,1380,1470,210,35.151925,-90.178286,Historic,5,St. Francis
222,49,USGS_351305091143402,112MRVAA,N100MSRVVL,MRVA,45.5,35.5,45.5,35.5,45.5,191,35.2181,-91.242736,MAP 2022,6,Cache
223,63,USGS_363426090215801,111ALVM,N100MSRVVL,MRVA,54,-9999,-9999,14,54,306,36.573808,-90.366067,MAP 2022,6,Cache
224,75,USGS_361255090572101,110ALVM,N100MSRVVL,MRVA,63,43,63,43,63,268,36.215333,-90.955917,MAP 2022,6,Cache
225,118,USGS_351305091143401,112MRVAA,N100MSRVVL,MRVA,87.5,77.5,87.5,77.5,87.5,191,35.218111,-91.242739,MAP 2022,6,Cache
226,129,USGS_353617091162803,110ALVM,N100MSRVVL,MRVA,92,62,92,62,92,219,35.605032,-91.274848,MAP 2022,6,Cache
227,162,USGS_354455091041501,110ALVM,N100MSRVVL,MRVA,100,-9999,-9999,60,100,243,35.748931,-91.071744,Historic,6,Cache
228,163,USGS_354341091120801,110ALVM,N100MSRVVL,MRVA,102,70,100,70,100,236,35.728139,-91.202328,Historic,6,Cache
229,167,USGS_345618091150902,112ALVM,N100MSRVVL,MRVA,101,71,101,71,101,176,34.938,-91.2541,MAP 2022,6,Cache
230,170,USGS_362445090372901,110ALVM,N100MSRVVL,MRVA,104,64,104,64,104,292,36.412589,-90.624731,Historic,6,Cache
231,197,USGS_344242091103001,110ALVM,N100MSRVVL,MRVA,110,-9999,-9999,70,110,182,34.71175,-91.175528,Historic,6,Cache
232,224,USGS_345631090522000,112VLTR,N100MSRVVL,MRVA,120,-9999,-9999,80,120,214,34.940542,-90.874789,Historic,6,Cache
233,226,USGS_355839090515001,112VLTR,N100MSRVVL,MRVA,120,-9999,-9999,80,120,261,35.977406,-90.863867,Historic,6,Cache
234,233,USGS_351550091120101,112VLTR,N100MSRVVL,MRVA,127,94,124,94,124,204,35.264003,-91.200364,Historic,6,Cache
235,238,AR008_353243091022101,110ALVM,N100MSRVVL,MRVA,125,-9999,-9999,85,125,-9999,35.545359,-91.039288,MAP 2022,6,Cache
236,246,USGS_362139090452801,110ALVM,N100MSRVVL,MRVA,128,98,128,98,128,281,36.360944,-90.757833,MAP 2022,6,Cache
237,248,USGS_345647091024500,112VLTR,N100MSRVVL,MRVA,130,-9999,-9999,90,130,208,34.947011,-91.046344,Historic,6,Cache
238,251,AR008_355714090590001,110ALVM,N100MSRVVL,MRVA,130.6,110,130,110,130,260,35.953889,-90.983333,MAP 2022,6,Cache
239,253,USGS_352338091080501,110ALVM,N100MSRVVL,MRVA,132,40,132,40,132,219,35.394006,-91.134625,Historic,6,Cache
240,260,AR008_353831090502401,110ALVM,N100MSRVVL,MRVA,138.1,119.5,137.8,119.5,137.8,245,35.644767,-90.8397,MAP 2022,6,Cache
241,263,USGS_344025090460401,110ALVM,N100MSRVVL,MRVA,140,90,140,90,140,214,34.673683,-90.767686,Historic,6,Cache
242,270,USDA_353816090511301,110ALVM,N100MSRVVL,MRVA,150,120,145,120,145,245,35.637911,-90.853561,MAP 2022,6,Cache
243,272,USGS_350214090480102,110ALVM,N100MSRVVL,MRVA,147,107,147,107,147,250,35.037194,-90.80025,MAP 2022,6,Cache
244,273,AR008_352505090565301,110ALVM,N100MSRVVL,MRVA,147.8,129.1,147.5,129.1,147.5,228,35.418056,-90.948056,MAP 2022,6,Cache
245,275,USGS_350944091051201,112VLTR,N100MSRVVL,MRVA,150,120,150,120,150,217,35.162597,-91.086828,Historic,6,Cache
246,288,AR008_351230090474501,110ALVM,N100MSRVVL,MRVA,169.1,124,164,124,164,248,35.208583,-90.796389,MAP 2022,6,Cache
247,301,USGS_353658090540801,112VLTR,N100MSRVVL,MRVA,180,150,180,150,180,248,35.616192,-90.902278,Historic,6,Cache
248,347,USGS_350026091145401,12405MP,S100MSEMBM,MCAQ,257,187,257,187,257,194,35.007472,-91.248861,Solder 2020,6,Cache
249,358,USGS_345616091150201,12405MP,S100MSEMBM,MCAQ,275,235,275,235,275,181,34.938,-91.251,MAP 2022,6,Cache
250,401,USGS_351229090470601,12405MP,S100MSEMBM,MCAQ,405,345,405,345,405,258,35.208106,-90.784978,MAP 2022,6,Cache
251,451,USGS_344145091175601,124SPRT,S100MSEMBM,MCAQ,590,510,590,510,590,173,34.695536,-91.300311,Solder 2020,6,Cache
252,452,USGS_344124091183801,124SPRT,S100MSEMBM,MCAQ,590,520,590,520,590,173,34.695556,-91.300306,Historic,6,Cache
253,454,USGS_343243090384201,124SPRT,S100MSEMBM,MCAQ,531,417,600,417,600,255,34.545189,-90.64565,Historic,6,Cache
254,6,USGS_334406089381601,124WLCXU,S100MSEMBM,LCAQ,18,8,18,8,18,304,33.735,-89.637778,Historic,,
255,7,USGS_340134089182401,124WLCXU,S100MSEMBM,LCAQ,18,8,18,8,18,293,34.026111,-89.306667,Historic,,
256,9,USGS_342050089384901,124TLLT,S100MSEMBM,LCAQ,22,12,22,12,22,310,34.347222,-89.646944,Historic,,
257,10,USGS_344343089111501,124WLCXU,S100MSEMBM,LCAQ,22,12,22,12,22,359,34.728611,-89.187778,Historic,,
258,11,USGS_345740089141601,124SPRT,S100MSEMBM,MCAQ,23,13,23,13,23,411,34.961111,-89.237778,Historic,,
259,14,USGS_355624088572601,124MMPS,S100MSEMBM,MCAQ,25.85,15.4,25.4,15.4,25.4,336,35.939972,-88.957222,Historic,,
260,15,USGS_352748088574101,124MMPS,S100MSEMBM,MCAQ,27.7,17.4,27.4,17.4,27.4,450,35.463444,-88.961306,Historic,,
261,16,USGS_334039089363401,124WLCXU,S100MSEMBM,LCAQ,28,18,28,18,28,252,33.6775,-89.609444,Historic,,
262,22,USGS_340800089374101,124TLLT,S100MSEMBM,LCAQ,32,22,32,22,32,301,34.133333,-89.628056,Historic,,
263,23,USGS_350619089125701,124MMPS,S100MSEMBM,MCAQ,32.4,22,32,22,32,465,35.105278,-89.215861,Historic,,
264,25,USGS_332957089432401,124SPRT,S100MSEMBM,MCAQ,33,23,33,23,33,378,33.499167,-89.723333,Historic,,
265,26,USGS_335527089463601,124SPRT,S100MSEMBM,MCAQ,33,23,33,23,33,260,33.924167,-89.776667,Historic,,
266,27,USGS_343349089180601,124WLCXU,S100MSEMBM,LCAQ,33,23,33,23,33,324,34.563833,-89.301417,Historic,,
267,28,USGS_345125089400201,124TLLT,S100MSEMBM,LCAQ,33,23,33,23,33,340,34.856944,-89.667222,Historic,,
268,29,USGS_351217089560502,112TRRC,N9999OTHER,TRRC,34,23.7,33.7,23.7,33.7,242,35.20475,-89.934972,Historic,,
269,30,USGS_355857088351301,124MMPS,S100MSEMBM,MCAQ,36.8,26.4,36.4,26.4,36.4,416,35.982472,-88.587,Historic,,
270,32,USGS_360018088324801,124MMPS,S100MSEMBM,MCAQ,37.6,27.3,37.3,27.3,37.3,423,36.005056,-88.546806,Historic,,
271,33,USGS_345057089214801,124TLLT,S100MSEMBM,LCAQ,38,28,38,28,38,480,34.849167,-89.363333,Historic,,
272,34,USGS_345547089243101,124TLLT,S100MSEMBM,LCAQ,38,28,38,28,38,445,34.929722,-89.408611,Historic,,
273,35,USGS_351217089560501,112TRRC,N9999OTHER,TRRC,38,28,38,28,38,242,35.204583,-89.934861,Historic,,
274,36,USGS_351108089463201,112TRRC,N9999OTHER,TRRC,38.7,28.7,38.7,28.7,38.7,362,35.185417,-89.775556,Historic,,
275,38,USGS_351403089552601,112TRRC,N9999OTHER,TRRC,40,30,40,30,40,310,35.234028,-89.923889,Historic,,
276,41,USGS_350424089593901,112TRRC,N100ALLUVL,TRRC,42.7,32.7,42.7,32.7,42.7,235,35.073556,-89.994167,Historic,,
277,42,USGS_334613089425201,124TLLT,S100MSEMBM,LCAQ,43,33,43,33,43,245,33.770278,-89.714444,Historic,,
278,43,USGS_350152089482901,112TRRC,N9999OTHER,TRRC,43,33,43,33,43,328,35.031039,-89.808167,Historic,,
279,44,USGS_351201089525501,112TRRC,N9999OTHER,TRRC,44,34,44,34,44,278,35.200278,-89.879167,Historic,,
280,45,USGS_360138088585401,124CCKFJ,S100MSEMBM,UCAQ,44.4,34,44,34,44,355,36.027139,-88.981556,Historic,,
281,47,USGS_350115090075002,112TRRC,N9999OTHER,TRRC,45,35,45,35,45,242,35.020927,-90.130649,Historic,,
282,48,USGS_351136089532801,112TRRC,N9999OTHER,TRRC,45,35,45,35,45,295,35.193333,-89.890972,Historic,,
283,50,USGS_351324089560101,112TRRC,N9999OTHER,TRRC,46,36,46,36,46,330,35.223333,-89.933611,Historic,,
284,54,USGS_351137089542501,112TRRC,N9999OTHER,TRRC,47.7,37.7,47.7,37.7,47.7,239,35.193611,-89.907083,Historic,,
285,55,USGS_351319089504401,112TRRC,N9999OTHER,TRRC,47.7,37.7,47.7,37.7,47.7,304,35.222083,-89.845417,Historic,,
286,56,USGS_351246089553701,112TRRC,N9999OTHER,TRRC,49,39,49,39,49,293,35.213194,-89.926944,Historic,,
287,58,USGS_344939089460401,124SPRT,S100MSEMBM,MCAQ,50,40,50,40,50,294,34.8275,-89.767778,Historic,,
288,59,USGS_351155089514201,112TRRC,N9999OTHER,TRRC,51.24,40,50,40,50,284,35.19875,-89.861806,Historic,,
289,60,USGS_353828088441301,124FRPL,S100MSEMBM,LWAQ,52.5,42.1,52.1,42.1,52.1,461,35.641,-88.737056,Historic,,
290,61,USGS_350229089525601,112TRRC,N9999OTHER,TRRC,52.75,42.9,52.9,42.9,52.9,291,35.041389,-89.881667,Historic,,
291,64,USGS_350126090073902,112TRRC,N9999OTHER,TRRC,55,45,55,45,55,253,35.023982,-90.127593,Historic,,
292,67,USGS_360539088265301,124FRPL,S100MSEMBM,LWAQ,57.5,47.2,57.2,47.2,57.2,511,36.094306,-88.448028,Historic,,
293,68,USGS_361811088290101,124MMPS,S100MSEMBM,MCAQ,57.7,47.4,57.4,47.4,57.4,460,36.303139,-88.483667,Historic,,
294,69,USGS_354636088462101,124MMPS,S100MSEMBM,MCAQ,58.1,47.7,57.7,47.7,57.7,476,35.77675,-88.772444,Historic,,
295,71,USGS_321636093060902,124SPRT,S100MSEMBM,MCAQ,60,30,60,30,60,252,32.276667,-93.1025,Historic,,
296,73,USGS_351050089083101,124MMPS,S100MSEMBM,MCAQ,62.65,52.2,62.2,52.2,62.2,500,35.180667,-89.142028,Historic,,
297,74,USGS_353445089005901,124MMPS,S100MSEMBM,MCAQ,62.85,52.4,62.4,52.4,62.4,420,35.579278,-89.016278,Historic,,
298,76,USGS_323508094020101,124WLCX,S100MSEMBM,MWAQ,65,-9999,-9999,36,65,300,32.585556,-94.033611,Historic,,
299,77,USGS_351057089495601,112TRRC,N9999OTHER,TRRC,65,55,65,55,65,270,35.182417,-89.832361,Historic,,
300,78,USGS_354749088500601,124MMPS,S100MSEMBM,MCAQ,65.8,55.4,65.4,55.4,65.4,415,35.796889,-88.835139,Historic,,
301,79,USGS_320948092592701,124SPRT,S100MSEMBM,MCAQ,66,56,66,56,66,228,32.163306,-92.990806,Historic,,
302,80,USGS_350242090052901,112TRRC,N9999OTHER,TRRC,67.7,57.7,67.7,57.7,67.7,239,35.045,-90.091389,Historic,,
303,81,USGS_350115090072902,112TRRC,N9999OTHER,TRRC,68,58,68,58,68,265,35.020927,-90.124815,Historic,,
304,82,USGS_350245090035501,112TRRC,N9999OTHER,TRRC,68,58,68,58,68,281,35.045833,-90.065278,Historic,,
305,83,USGS_351153089494201,112TRRC,N9999OTHER,TRRC,68,58,68,58,68,265,35.197972,-89.828333,Historic,,
306,86,USGS_350148090063801,112TRRC,N9999OTHER,TRRC,70,60,70,60,70,265,35.030028,-90.110667,Historic,,
307,87,USGS_350149090063801,112TRRC,N9999OTHER,TRRC,70,60,70,60,70,267,35.030278,-90.110556,Historic,,
308,90,USGS_340159089552801,124SPRT,S100MSEMBM,MCAQ,74,-9999,-9999,44,74,319,34.033056,-89.924444,Historic,,
309,93,USGS_350643089502001,124MMPS,S100MSEMBM,MCAQ,76.1,66.1,76.1,66.1,76.1,268,35.111944,-89.838889,Historic,,
310,96,USGS_355337088563501,124MMPS,S100MSEMBM,MCAQ,78.5,68.2,78.2,68.2,78.2,403,35.893694,-88.943,Historic,,
311,103,USGS_323441093243601,124SPRT,S100MSEMBM,MCAQ,80,60,80,60,80,219,32.578056,-93.41,Historic,,
312,106,USGS_351343089491901,112TRRC,N9999OTHER,TRRC,80.1,70.1,80.1,70.1,80.1,307,35.228889,-89.822083,Historic,,
313,108,USGS_350125090072901,112TRRC,N9999OTHER,TRRC,82,72,82,72,82,292,35.023704,-90.124815,Historic,,
314,109,USGS_352551089065601,124MMPS,S100MSEMBM,MCAQ,83,73,83,73,83,395,35.430972,-89.115611,Historic,,
315,111,USGS_350207090072702,112TRRC,N9999OTHER,TRRC,84,74,84,74,84,295,35.035371,-90.12426,Historic,,
316,113,USGS_331604093510901,124SPRT,S100MSEMBM,MCAQ,85,-9999,-9999,55,85,321,33.267889,-93.8525,Historic,,
317,114,USGS_350156090072602,112TRRC,N9999OTHER,TRRC,85,75,85,75,85,287,35.032315,-90.123982,Historic,,
318,115,USGS_350532088554001,124FRPL,S100MSEMBM,LWAQ,85,75,85,75,85,520,35.092139,-88.927667,Historic,,
319,116,USGS_362337088280601,124MMPS,S100MSEMBM,MCAQ,86,75.7,85.7,75.7,85.7,513,36.393528,-88.468333,Historic,,
320,117,USGS_351147089482701,112TRRC,N9999OTHER,TRRC,87,77,87,77,87,290,35.196278,-89.807417,Historic,,
321,119,USGS_350348089501101,124MMPS,S100MSEMBM,MCAQ,87.7,77.7,87.7,77.7,87.7,283,35.063278,-89.836528,Historic,,
322,120,USGS_351245089505001,112TRRC,N9999OTHER,TRRC,88.2,78.2,88.2,78.2,88.2,311,35.212528,-89.847361,Historic,,
323,126,USGS_351111089512501,112TRRC,N9999OTHER,TRRC,90,80,90,80,90,310,35.186528,-89.856806,Historic,,
324,128,USGS_350514089553700,112TRRC,N9999OTHER,TRRC,91,81,91,81,91,259,35.087313,-89.926478,Historic,,
325,130,USGS_351343089491902,112TRRC,N9999OTHER,TRRC,92.6,82.4,92.4,82.4,92.4,307,35.228833,-89.822083,Historic,,
326,133,USGS_350259089490501,124MMPS,S100MSEMBM,MCAQ,93.7,83.7,93.7,83.7,93.7,291,35.049639,-89.817833,Historic,,
327,134,USGS_331608093230601,124SPRT,S100MSEMBM,MCAQ,94,-9999,-9999,64,94,295,33.268972,-93.385028,Historic,,
328,136,USGS_330611093565801,124SPRT,S100MSEMBM,MCAQ,95,-9999,-9999,65,95,363,33.103,-93.949306,Historic,,
329,138,USGS_350018089190701,124MMPS,S100MSEMBM,MCAQ,95,85,95,85,95,421,35.004972,-89.318639,Historic,,
330,141,USGS_342155089305401,124MUWX,S100MSEMBM,LCAQ,96,71,96,71,96,380,34.364878,-89.514556,Solder 2020,,
331,144,USGS_350320089502901,124MMPS,S100MSEMBM,MCAQ,97.7,87.7,97.7,87.7,97.7,286,35.055556,-89.841444,Historic,,
332,146,USGS_350443089524801,124MMPS,S100MSEMBM,MCAQ,98,88,98,88,98,268,35.078611,-89.88,Historic,,
333,148,USGS_350224089485501,124MMPS,S100MSEMBM,MCAQ,99.4,89.4,99.4,89.4,99.4,295,35.040028,-89.81525,Historic,,
334,166,USGS_331846089103401,124WLCXM,S100MSEMBM,MWAQ,101,64,101,64,101,520,33.312902,-89.176177,Historic,,
335,171,USGS_320152092520201,124SPRT,S100MSEMBM,MCAQ,104,84,104,84,104,151,32.031111,-92.867222,Historic,,
336,172,USGS_350259089490503,124MMPS,S100MSEMBM,MCAQ,104.7,94.7,104.7,94.7,104.7,291,35.049639,-89.817972,Historic,,
337,179,USGS_365210088391301,124CLBR,S100MSEMBM,CLBR,106,85,105,85,105,405.13,36.869501,-88.653661,MAP 2022,,
338,181,USGS_325024093375001,124SPRT,S100MSEMBM,MCAQ,107,87,107,87,107,287,32.84,-93.630556,Historic,,
339,182,USGS_350543089473901,124MMPS,S100MSEMBM,MCAQ,107.7,97.7,107.7,97.7,107.7,300,35.0955,-89.794111,Historic,,
340,185,USGS_350308089525001,124MMPS,S100MSEMBM,MCAQ,108.75,98.75,108.75,98.75,108.75,293,35.05225,-89.880583,Historic,,
341,187,USGS_324627091505401,112UPTC,N9999OTHER,TRRC,109,89,109,89,109,130,32.774301,-91.84846,Solder 2020,,
342,202,USGS_320009092543601,124SPRT,S100MSEMBM,MCAQ,110,80,110,80,110,147,32.002661,-92.910157,Solder 2020,,
343,204,USGS_330027093421701,124SPRT,S100MSEMBM,MCAQ,110,90,110,90,110,300,33.0075,-93.704722,Historic,,
344,205,USGS_331730091423301,112TRRC,N100ALLUVL,TRRC,110,-9999,-9999,100,110,184,33.291439,-91.708589,Historic,,
345,209,USGS_324627091505203,112UPTC,N9999OTHER,TRRC,112,84,112,84,112,130,32.774301,-91.847905,MAP 2022,,
346,210,USGS_344120089215901,124MUWX,S100MSEMBM,LCAQ,113,83,-9999,83,113,500,34.688987,-89.366465,Historic,,
347,214,USGS_360023088382001,124MMPS,S100MSEMBM,MCAQ,115,95,115,95,115,420,36.006453,-88.638947,Historic,,
348,227,USGS_340609089391501,124SPRT,S100MSEMBM,MCAQ,120,-9999,-9999,90,120,359,34.1025,-89.654167,Historic,,
349,228,USGS_351445089204501,124MMPS,S100MSEMBM,MCAQ,120,-9999,-9999,90,120,351,35.245806,-89.345706,Historic,,
350,229,USGS_314217093461901,124WLCX,S100MSEMBM,MWAQ,120,-9999,-9999,91,120,200,31.704895,-93.77213,Historic,,
351,234,USGS_350308089525002,124CLBR,S100MSEMBM,CLBR,124,104,124,104,124,293,35.05225,-89.880583,Historic,,
352,241,USGS_315533093410201,124WLCX,S100MSEMBM,MWAQ,126,-9999,-9999,97,126,307,31.925922,-93.684044,Historic,,
353,244,USGS_355707090430401,12405MP,S100MSEMBM,MCAQ,129,97,127,97,127,360,35.952016,-90.717891,Solder 2020,,
354,249,USGS_321113093222401,124WLCX,S100MSEMBM,MWAQ,130,-9999,-9999,101,130,250,32.186944,-93.373333,Historic,,
355,256,USGS_333400092453201,124SPRT,S100MSEMBM,MCAQ,135,120,135,120,135,100,33.566778,-92.759,Historic,,
356,258,USGS_352322089243601,124MMPS,S100MSEMBM,MCAQ,137,112,137,112,137,355,35.389556,-89.409889,Historic,,
357,265,USGS_324506094023301,124WLCX,S100MSEMBM,MWAQ,140,-9999,-9999,111,140,191,32.751667,-94.0425,Historic,,
358,266,USGS_355532088595701,124MMPS,S100MSEMBM,MCAQ,140,130,140,130,140,318,35.925625,-88.999232,Historic,,
359,269,USGS_312933093273601,124SPRT,S100MSEMBM,MCAQ,145,115,145,115,145,360,31.492676,-93.460174,Solder 2020,,
360,274,USGS_331540093530402,124SPRT,S100MSEMBM,MCAQ,150,-9999,-9999,120,150,297,33.260992,-93.887017,Historic,,
361,279,USGS_332725090024001,124SPRT,S100MSEMBM,MCAQ,152,147,152,147,152,341,33.457066,-90.044528,Historic,,
362,280,USGS_321551093004001,124SPRT,S100MSEMBM,MCAQ,155,135,155,135,155,280,32.264324,-93.011272,Historic,,
363,281,USGS_350327089421401,124MMPS,S100MSEMBM,MCAQ,155,135,155,135,155,360,35.057611,-89.704028,Historic,,
364,283,USGS_343842089531701,124SPRT,S100MSEMBM,MCAQ,160,-9999,-9999,130,160,354,34.645,-89.888056,Historic,,
365,285,USGS_333457092534701,124SPRT,S100MSEMBM,MCAQ,160,140,160,140,160,223,33.582556,-92.8965,Historic,,
366,286,USGS_320251093514501,124WLCX,S100MSEMBM,MWAQ,162,-9999,-9999,133,162,280,32.047622,-93.862808,Historic,,
367,292,USGS_334644089480201,124MUWX,S100MSEMBM,LCAQ,170,145,170,145,170,197,33.779097,-89.799194,Historic,,
368,293,USGS_334643089480001,124MUWX,S100MSEMBM,LCAQ,172,132,-9999,132,172,197,33.778461,-89.798989,Historic,,
369,294,USGS_350253089323901,124MMPS,S100MSEMBM,MCAQ,174,130,174,130,174,311,35.048147,-89.544245,Historic,,
370,295,USGS_330914089515601,124SPRT,S100MSEMBM,MCAQ,174,154,174,154,174,308,33.155556,-89.86,Historic,,
371,298,USGS_334607089473801,124MUWX,S100MSEMBM,LCAQ,175,135,175,135,175,197,33.779056,-89.800069,Solder 2020,,
372,299,USGS_324051088402601,124WLCXL,S100MSEMBM,LWAQ,178,138,-9999,138,178,360,32.680397,-88.673667,Historic,,
373,300,USGS_314408093203101,124WLCX,S100MSEMBM,MWAQ,178,-9999,-9999,149,178,185,31.735556,-93.341944,Historic,,
374,302,USGS_322452093563001,124WLCX,S100MSEMBM,MWAQ,180,-9999,-9999,151,180,278,32.414444,-93.941667,Historic,,
375,303,USGS_351231089392301,124MMPS,S100MSEMBM,MCAQ,180,160,180,160,180,332,35.208667,-89.658944,Historic,,
376,304,USGS_322719093015501,124SPRT,S100MSEMBM,MCAQ,180,160,180,160,180,267,32.455278,-93.031944,Historic,,
377,306,USGS_322522093341401,124WLCX,S100MSEMBM,MWAQ,185,165,185,165,185,148,32.422778,-93.570556,Historic,,
378,308,USGS_330836089515501,124SPRT,S100MSEMBM,MCAQ,190,160,190,160,190,308,33.142778,-89.876111,Historic,,
379,309,USGS_351315089310501,124MMPS,S100MSEMBM,MCAQ,198,162,198,162,198,385,35.220889,-89.518139,Historic,,
380,312,USGS_321246093115501,124WLCX,S100MSEMBM,MWAQ,200,-9999,-9999,171,200,160,32.212778,-93.198611,Historic,,
381,313,USGS_350108089242401,124MMPS,S100MSEMBM,MCAQ,200,180,200,180,200,432,35.018806,-89.40675,Historic,,
382,314,USGS_325053093154501,124SPRT,S100MSEMBM,MCAQ,200,180,200,180,200,250,32.848198,-93.262668,Historic,,
383,316,USGS_330554093255801,124SPRT,S100MSEMBM,MCAQ,204,-9999,-9999,174,204,232,33.098389,-93.432694,Historic,,
384,317,USGS_330730089280001,-9999,-9999,-9999,204,174,204,174,204,465,33.125128,-89.46674,Solder 2020,,
385,318,USGS_321611092400201,124SPRT,S100MSEMBM,MCAQ,206,166,206,166,206,268,32.269722,-92.667222,Historic,,
386,319,USGS_330748088573401,124WLCXL,S100MSEMBM,LWAQ,206,181,-9999,181,206,520,33.130361,-88.958017,Historic,,
387,321,USGS_330730089280101,124TLLT,S100MSEMBM,LCAQ,210,170,-9999,170,210,460,33.125128,-89.467017,Historic,,
388,322,USGS_351528089350801,124MMPS,S100MSEMBM,MCAQ,210,200,210,200,210,350,35.257833,-89.5855,Historic,,
389,323,USGS_323350089551001,124CCKF,S100MSEMBM,UCAQ,211,171,211,171,211,325,32.564028,-89.919526,Historic,,
390,324,USGS_354703089070701,124MMPS,S100MSEMBM,MCAQ,213,168,213,168,213,351,35.784239,-89.118677,Historic,,
391,327,USGS_344135090075001,124SPRT,S100MSEMBM,MCAQ,220,210,220,210,220,342,34.693056,-90.130556,Historic,,
392,328,USGS_333944092430401,124SPRT,S100MSEMBM,MCAQ,222,174,222,174,222,134,33.663256,-92.717736,Solder 2020,,
393,329,USGS_351936089085801,124MMPS,S100MSEMBM,MCAQ,226,-9999,-9999,196,226,485,35.326833,-89.1495,Historic,,
394,330,USGS_352442089320201,124MMPS,S100MSEMBM,MCAQ,234,185,230,185,230,311,35.411556,-89.533972,Historic,,
395,331,USGS_320340092351301,124SPRT,S100MSEMBM,MCAQ,230,210,230,210,230,189,32.061111,-92.586944,Historic,,
396,334,USGS_313613093510101,124WLCXG,-9999,MWAQ,237,-9999,-9999,208,237,236,31.603611,-93.850278,Historic,,
397,335,USGS_322745088313801,124WLCXL,S100MSEMBM,LWAQ,240,200,240,200,240,270,32.469822,-88.528097,Historic,,
398,336,USGS_320848093431201,124WLCX,S100MSEMBM,MWAQ,240,-9999,-9999,211,240,250,32.146667,-93.72,Historic,,
399,337,USGS_321212093100301,124WLCX,S100MSEMBM,MWAQ,240,-9999,-9999,211,240,223,32.203333,-93.1675,Historic,,
400,338,USGS_324745093171301,124SPRT,S100MSEMBM,MCAQ,240,220,240,220,240,266,32.795833,-93.286944,Historic,,
401,339,USGS_321835093514301,124WLCX,S100MSEMBM,MWAQ,240,220,240,220,240,240,32.30988,-93.862127,Historic,,
402,340,USGS_325156089401101,124SPRT,S100MSEMBM,MCAQ,246,206,-9999,206,246,400,32.865536,-89.669703,Historic,,
403,342,USGS_321019088490901,124MUWX,S100MSEMBM,LCAQ,250,220,-9999,220,250,260,32.022436,-88.819589,Historic,,
404,343,USGS_323409089071601,124MUWX,S100MSEMBM,LCAQ,252,160,252,160,252,475,32.57035,-89.121664,Solder 2020,,
405,344,USGS_345559089473501,124SPRT,S100MSEMBM,MCAQ,254,214,254,214,254,400,34.93315,-89.793142,Historic,,
406,348,USGS_323333092584901,124SPRT,S100MSEMBM,MCAQ,260,220,260,220,260,294,32.559167,-92.980278,Historic,,
407,349,USGS_350300089110901,124MMPS,S100MSEMBM,MCAQ,260,-9999,-9999,230,260,578,35.050089,-89.185901,Historic,,
408,350,USGS_332223092493701,124SPRT,S100MSEMBM,MCAQ,260,-9999,-9999,230,260,194,33.373167,-92.826972,Historic,,
409,351,USGS_330046093292101,124SPRT,S100MSEMBM,MCAQ,260,240,260,240,260,269,33.012778,-93.489167,Historic,,
410,352,USGS_320849093505001,124WLCX,S100MSEMBM,MWAQ,260,240,260,240,260,345,32.146944,-93.847222,Historic,,
411,353,USGS_350234089394504,124MMPS,S100MSEMBM,MCAQ,263,223,263,223,263,383,35.042869,-89.662582,Historic,,
412,354,USGS_350403089445201,124MMPS,S100MSEMBM,MCAQ,269,190,265,190,265,352,35.067505,-89.747996,Historic,,
413,355,USGS_322414093194001,124WLCX,S100MSEMBM,MWAQ,270,240,270,240,270,200,32.404044,-93.327948,Solder 2020,,
414,356,USGS_331610092252901,124SPRT,S100MSEMBM,MCAQ,270,-9999,-9999,240,270,162,33.269317,-92.424839,Historic,,
415,357,USGS_345910089513001,124SPRT,S100MSEMBM,MCAQ,272,237,272,237,272,360,34.989667,-89.860528,Historic,,
416,359,USGS_363800088410003,-9999,-9999,-9999,280,-9999,-9999,230,280,471,36.636944,-88.686111,Historic,,
417,360,USGS_324233092432801,124SPRT,S100MSEMBM,MCAQ,280,250,280,250,280,127,32.709167,-92.724444,Historic,,
418,361,USGS_324310093402801,124WLCX,S100MSEMBM,MWAQ,280,-9999,-9999,251,280,261,32.719444,-93.674444,Historic,,
419,362,USGS_320500093431201,124WLCX,S100MSEMBM,MWAQ,280,-9999,-9999,251,280,220,32.083333,-93.72,Historic,,
420,363,USGS_313230093415701,124WLCX,S100MSEMBM,MWAQ,282,-9999,-9999,253,282,225,31.541408,-93.699394,Historic,,
421,364,USGS_353525089154101,124MMPS,S100MSEMBM,MCAQ,290,244,284,244,284,345,35.589801,-89.261458,Historic,,
422,365,USGS_330855093051001,124SPRT,S100MSEMBM,MCAQ,285,240,285,240,285,245,33.148556,-93.086197,Historic,,
423,366,USGS_330743092401601,124SPRT,S100MSEMBM,MCAQ,285,-9999,-9999,255,285,234,33.128697,-92.671003,Historic,,
424,367,USGS_330607092212101,124SPRT,S100MSEMBM,MCAQ,290,250,290,250,290,135,33.102073,-92.355976,Solder 2020,,
425,368,USGS_352440089320601,124MMPS,S100MSEMBM,MCAQ,290,-9999,-9999,260,290,301,35.411194,-89.535076,Historic,,
426,369,USGS_354001088495601,124MMPS,S100MSEMBM,MCAQ,305,200,300,200,300,462,35.667016,-88.832281,Historic,,
427,370,USGS_350507089482401,124MMPS,S100MSEMBM,MCAQ,304,240,300,240,300,360,35.085369,-89.806752,Historic,,
428,371,USGS_350339089234101,124MMPS,S100MSEMBM,MCAQ,300,250,300,250,300,390,35.060833,-89.395,Historic,,
429,372,USGS_331721092435401,124SPRT,S100MSEMBM,MCAQ,300,-9999,-9999,270,300,148,33.289108,-92.731653,Historic,,
430,373,USGS_351448089421700,124MMPS,S100MSEMBM,MCAQ,300,280,300,280,300,298,35.246556,-89.704611,Historic,,
431,374,USGS_321908089095801,124SPRT,S100MSEMBM,MCAQ,305,255,305,255,305,417,32.320789,-89.166067,Solder 2020,,
432,375,USGS_350500089481801,124MMPS,S100MSEMBM,MCAQ,314,250,310,250,310,375,35.083889,-89.804944,Historic,,
433,376,USGS_343606090043302,124SPRT,S100MSEMBM,MCAQ,316,276,316,276,316,341,34.619111,-90.081278,Historic,,
434,377,USGS_334657092260301,124SPRT,S100MSEMBM,MCAQ,320,300,320,300,320,283,33.782592,-92.434097,Historic,,
435,382,USGS_342921089341201,124MUWX,S100MSEMBM,LCAQ,337,317,337,317,337,350,34.490028,-89.569531,Solder 2020,,
436,385,USGS_325410092211901,124SPRT,S100MSEMBM,MCAQ,350,265,350,265,350,210,32.902778,-92.355278,Historic,,
437,387,USGS_321936090063301,124CCKF,S100MSEMBM,UCAQ,350,330,350,330,350,280,32.326812,-90.109253,Historic,,
438,390,USGS_315335088590601,124CCKF,S100MSEMBM,UCAQ,360,300,-9999,300,360,325,31.893211,-88.985053,Historic,,
439,391,USGS_324849093375601,124SPRT,S100MSEMBM,MCAQ,360,330,360,330,360,405,32.813753,-93.632398,Historic,,
440,392,USGS_320447092291301,124SPRT,S100MSEMBM,MCAQ,370,295,370,295,370,150,32.079722,-92.488333,Historic,,
441,393,USGS_344927089583901,124SPRT,S100MSEMBM,MCAQ,371,301,371,301,371,360,34.824265,-89.97759,Solder 2020,,
442,394,USGS_332618093031801,124SPRT,S100MSEMBM,MCAQ,375,-9999,-9999,345,375,209,33.438439,-93.055103,Historic,,
443,395,USGS_322318090084601,124CCKF,S100MSEMBM,UCAQ,380,320,380,320,380,300,32.388477,-90.146198,Historic,,
444,396,USGS_323136092154301,124SPRT,S100MSEMBM,MCAQ,380,360,380,360,380,146,32.526667,-92.261944,Historic,,
445,397,USGS_315621088271901,124LSBN,S100MSEMBM,MCAQ,382,322,382,322,382,375,31.939318,-88.455307,Solder 2020,,
446,398,USGS_330609093274302,124SPRT,S100MSEMBM,MCAQ,385,-9999,-9999,355,385,249,33.102608,-93.462228,Historic,,
447,399,USGS_360033089240401,124MMPS,S100MSEMBM,MCAQ,398,351,392,351,392,271,36.009306,-89.401111,MAP 2022,,
448,402,USGS_350126090073901,124MMPS,S100MSEMBM,MCAQ,411,331,411,331,411,253,35.023982,-90.127593,Historic,,
449,403,USGS_345352090044301,124MUWX,S100MSEMBM,LCAQ,424,404,424,404,424,325,34.900617,-90.079211,Solder 2020,,
450,406,USGS_350115090075001,124MMPS,S100MSEMBM,MCAQ,440,360,440,360,440,242,35.020927,-90.130649,Historic,,
451,407,USGS_355448089144601,124MMPS,S100MSEMBM,MCAQ,440,380,440,380,440,423,35.913278,-89.246139,Historic,,
452,408,USGS_351109089512901,124MMPS,S100MSEMBM,MCAQ,441,-9999,-9999,411,441,314,35.185922,-89.858142,Historic,,
453,409,USGS_355305088534801,124MMPS,S100MSEMBM,MCAQ,450,355,445,355,445,455,35.884722,-88.89675,Solder 2020,,
454,410,USGS_345813089584401,124SPRT,S100MSEMBM,MCAQ,446,395,446,395,446,360,34.970371,-89.978979,Historic,,
455,412,USGS_350114090071701,124MMPS,S100MSEMBM,MCAQ,446,-9999,-9999,416,446,247,35.020649,-90.121482,Historic,,
456,413,USGS_350115090072901,124MMPS,S100MSEMBM,MCAQ,448,368,448,368,448,265,35.020927,-90.124815,Historic,,
457,414,USGS_330332089354101,124MUWX,S100MSEMBM,LCAQ,450,345,450,345,450,180,33.057767,-89.594322,Solder 2020,,
458,415,USGS_350052090070801,124MMPS,S100MSEMBM,MCAQ,450,370,450,370,450,280,35.014815,-90.118982,Historic,,
459,417,USGS_350125090072701,124MMPS,S100MSEMBM,MCAQ,456,-9999,-9999,426,456,292,35.023704,-90.12426,Historic,,
460,418,USGS_350100090070301,124MMPS,S100MSEMBM,MCAQ,466,380,460,380,460,292,35.01676,-90.117593,Historic,,
461,421,USGS_325159093152401,124SPRT,S100MSEMBM,MCAQ,460,440,460,440,460,255,32.866531,-93.256835,Historic,,
462,423,USGS_350207090072701,124MMPS,S100MSEMBM,MCAQ,468,385,468,385,468,300,35.035371,-90.12426,Historic,,
463,425,USGS_332113092421001,124SPRT,S100MSEMBM,MCAQ,470,430,470,430,470,112,33.353872,-92.703119,Solder 2020,,
464,428,USGS_330107093283801,124SPRT,S100MSEMBM,MCAQ,491,384,491,384,491,305,33.018747,-93.477395,Solder 2020,,
465,429,USGS_331519093115901,124SPRT,S100MSEMBM,MCAQ,491,-9999,-9999,461,491,325.1,33.255489,-93.200192,Historic,,
466,430,USGS_350156090072601,124MMPS,S100MSEMBM,MCAQ,495,415,495,415,495,287,35.032315,-90.123982,Historic,,
467,431,USGS_330555093112801,124SPRT,S100MSEMBM,MCAQ,495,464,495,464,495,331,33.098717,-93.191311,Historic,,
468,432,USGS_360322090290401,124WLCXG,S100MSEMBM,LWAQ,507,462,507,462,507,282,36.057728,-90.48395,MAP 2022,,
469,433,USGS_362958088531901,124MMPS,S100MSEMBM,MCAQ,530,475,525,475,525,375,36.499333,-88.888583,Historic,,
470,437,USGS_321507092145202,124SPRT,S100MSEMBM,MCAQ,535,495,535,495,535,220,32.252098,-92.247917,Historic,,
471,438,USGS_352028089512101,124MMPS,S100MSEMBM,MCAQ,544,480,540,480,540,308,35.341111,-89.855833,Historic,,
472,439,USGS_315350089015601,124CCKF,S100MSEMBM,UCAQ,541,495,541,495,541,445,31.897469,-89.032172,Solder 2020,,
473,440,USGS_324817092575701,124SPRT,S100MSEMBM,MCAQ,555,525,555,525,555,290,32.804869,-92.965993,Solder 2020,,
474,441,USGS_362031088505401,124MMPS,S100MSEMBM,MCAQ,558,498,558,498,558,405,36.342,-88.848194,Historic,,
475,443,USGS_361709088422801,124MMPS,S100MSEMBM,MCAQ,563,480,560,480,560,428,36.285944,-88.70775,Historic,,
476,444,USGS_352658089483201,124MMPS,S100MSEMBM,MCAQ,565,495,565,495,565,430,35.449528,-89.808972,Solder 2020,,
477,445,USGS_341845092235901,124SPRT,S100MSEMBM,MCAQ,569,509,569,509,569,259,34.312214,-92.400131,Solder 2020,,
478,446,USGS_362543089032102,124MMPS,S100MSEMBM,MCAQ,572,485,572,485,572,347,36.42873,-89.055593,Historic,,
479,447,USGS_351246089473701,124MMPS,S100MSEMBM,MCAQ,582,490,578,490,578,316,35.212694,-89.793611,Historic,,
480,450,USGS_350625089554901,124MMPS,S100MSEMBM,MCAQ,598,490,590,490,590,280,35.107035,-89.930366,Historic,,
481,453,USGS_323246092551501,124SPRT,S100MSEMBM,MCAQ,590,530,590,530,590,361,32.546263,-92.920991,Historic,,
482,455,USGS_330107092432301,124SPRT,S100MSEMBM,MCAQ,601,546,601,546,601,173,33.019128,-92.723761,Historic,,
483,457,USGS_333040092240301,124SPRT,S100MSEMBM,MCAQ,613,560,610,560,610,206,33.511125,-92.400983,Solder 2020,,
484,458,USGS_331358092424301,124SPRT,S100MSEMBM,MCAQ,615,493,615,493,615,205,33.232567,-92.713464,Solder 2020,,
485,459,USGS_350503089482201,124MMPS,S100MSEMBM,MCAQ,622,516,616,516,616,360,35.084224,-89.806477,Solder 2020,,
486,460,USGS_350157090074201,124MMPS,S100MSEMBM,MCAQ,622,526,616,526,616,305,35.032593,-90.128427,Historic,,
487,461,USGS_351113089513401,124MMPS,S100MSEMBM,MCAQ,624,520,624,520,624,320,35.187028,-89.859389,Historic,,
488,462,USGS_323600093142001,124SPRT,S100MSEMBM,MCAQ,640,620,640,620,640,340,32.600151,-93.239056,Historic,,
489,465,USGS_334832092245504,124SPRT,S100MSEMBM,MCAQ,667,574,667,574,667,270,33.808994,-92.41543,Historic,,
490,466,USGS_363300089110002,-9999,-9999,-9999,672,-9999,-9999,602,672,390,36.5475,-89.182778,Historic,,
491,467,USGS_324708092231001,124SPRT,S100MSEMBM,MCAQ,674,604,674,604,674,166,32.785833,-92.3875,Historic,,
492,469,USGS_315501092371501,124SPRT,S100MSEMBM,MCAQ,682,632,682,632,682,100,31.917108,-92.620981,Historic,,
493,470,USGS_325040092240201,124SPRT,S100MSEMBM,MCAQ,684,632,684,632,684,240,32.844582,-92.400699,Historic,,
494,471,USGS_323805091555201,124SPRT,S100MSEMBM,MCAQ,700,670,700,670,700,116,32.634767,-91.931231,Historic,,
495,473,USGS_325944092355901,124SPRT,S100MSEMBM,MCAQ,725,665,725,665,725,240,32.995693,-92.599875,Historic,,
496,476,USGS_325103092434901,124SPAR,-9999,MCAQ,750,700,750,700,750,200,32.851183,-92.729836,Historic,,
497,478,USGS_331203092290801,124SPRT,S100MSEMBM,MCAQ,771,-9999,-9999,741,771,222,33.201061,-92.485269,Historic,,
498,481,USGS_322951092382301,124SPRT,S100MSEMBM,MCAQ,792,680,792,680,792,300,32.49765,-92.639871,Historic,,
499,485,USGS_321538090094201,124SPRT,S100MSEMBM,MCAQ,829,749,829,749,829,265,32.261236,-90.163672,Solder 2020,,
500,489,USGS_362552089032001,124MMPS,S100MSEMBM,MCAQ,886,800,880,800,880,352,36.431211,-89.055494,Historic,,
501,490,USGS_335608091525601,124SPRT,S100MSEMBM,MCAQ,887,-9999,-9999,857,887,292,33.935,-91.882194,Solder 2020,,
502,491,USGS_360404089232201,124MMPS,S100MSEMBM,MCAQ,895,750,890,750,890,311,36.067861,-89.389528,MAP 2022,,
503,494,USGS_321822092270402,124SPRT,S100MSEMBM,MCAQ,940,910,940,910,940,180.3,32.306264,-92.451256,Historic,,
504,495,USGS_331529090081901,124MUWX,S100MSEMBM,LCAQ,940,910,-9999,910,940,350,33.257833,-90.031275,Historic,,
505,496,USGS_320736089235901,124SPRT,S100MSEMBM,MCAQ,946,886,946,886,946,410,32.1242,-89.400514,Solder 2020,,
506,498,USGS_323719090020201,124SPRT,S100MSEMBM,MCAQ,995,935,995,935,995,240,32.618978,-90.030511,Solder 2020,,
507,500,USGS_341915089561101,100CNZC,S100MSEMBM,CNZC,1079,1029,1079,1029,1079,261,34.319472,-89.936989,Historic,,
508,501,USGS_321648090170001,124SPRT,S100MSEMBM,MCAQ,1120,1055,1120,1055,1120,420,32.283133,-90.28355,Solder 2020,,
509,502,USGS_352231090421501,12405MP,S100MSEMBM,MCAQ,1132,1038,1148,1038,1148,429.32,35.375522,-90.705136,Historic,,
510,505,USGS_323308090180901,124SPRT,S100MSEMBM,MCAQ,1325,1245,1325,1245,1325,235,32.5441,-90.313686,Solder 2020,,
511,509,USGS_352034089534501,124FRPL,S100MSEMBM,LWAQ,1466,1359,1461,1359,1461,264,35.343,-89.896,Historic,,
